title,publisher,print_issn,e_issn,for_code,year_inception,abdc_2025
4OR,Springer Nature,1619-4500,1614-2411,3599,2003,B
AACE International Transactions,AACE International,1528-7106,1528-7106,3599,1967,B
Abacus,Wiley-Blackwell Publishing,0001-3072,1467-6281,3501,1965,A
Academia Economic Papers,"Institute of Economics, Academia Sinica",1018-161X,,3801,1973,C
Academy of Management Annals,Academy of Management,1941-6520,1941-6067,3507,2008,A*
Academy of Management Discoveries,Academy of Management,2168-1007,,3507,2015,A*
Academy of Management Journal,Academy of Management,0001-4273,1948-0989,3507,1958,A*
Academy of Management Learning and Education,Academy of Management,1537-260X,1944-9585,3507,2002,A*
Academy of Management Perspectives,Academy of Management,1558-9080,1943-4529,3507,1987,A
Academy of Management Review,Academy of Management,0363-7425,1930-3807,3507,1976,A*
Academy of Marketing Studies Journal,Allied Business Academies,1095-6298,1528-2678,3506,1980,B
Accident Analysis and Prevention,Elsevier,0001-4575,1879-2057,3509,1969,A*
Accountancy Business and the Public Interest,Association for Accountancy & Business Affairs,1745-7718,,3501,2002,B
Accounting & Finance Journal / Revista Contabilidade & Finanças,University of São Paulo,1519-7077,1808-057X,3501,,C
Accounting Accountability and Performance,Griffith University,1445-954X,,3501,1995,C
Accounting and Business Research,Taylor & Francis Online,0001-4788,2159-4260,3501,1970,A
Accounting and Finance,Wiley-Blackwell Publishing,0810-5391,1467-629X,3501,1961,A
Accounting and Taxation,Institute for Business and Finance Research,1944-592X,,3501,2007,C
Accounting and the Public Interest,American Accounting Association,1530-9320,,3501,2001,B
Accounting Auditing and Accountability Journal,Emerald Group Publishing Limited,0951-3574,1758-4205,3501,1988,A*
Accounting Education,Taylor & Francis Online,0963-9284,1468-4489,3501,1992,A
Accounting Educators Journal,Academy of Accounting Educators Inc.,1041-0392,,3501,1988,B
Accounting Forum,Taylor & Francis Online,0155-9982,1467-6303,3501,2004,A
Accounting Historians Journal,American Accounting Association,0148-4184,,3501,1977,B
Accounting History,Sage Publications,1032-3732,1749-3374,3501,1989,A
Accounting History Review,Taylor & Francis Online,2155-2851,2155-286X,3501,2011,B
Accounting Horizons,American Accounting Association,0888-7993,1558-7975,3501,1987,A
Accounting in Europe,Taylor & Francis Online,1744-9480,1744-9499,3501,2004,A
Accounting Perspectives,Wiley-Blackwell Publishing,1911-382X,1911-3838,3501,2002,B
Accounting Research Journal,Emerald Group Publishing Limited,1030-9616,,3501,1986,B
Accounting Theory and Practice,Elsevier ScienceDirect,2949-9453,,3501,,C
"Accounting, Economics and Law – A Convivium",De Gruyter,2194-6051,2152-2820,3501,2011,B
"Accounting, Finance and Governance Review",Irish Accounting and Finance Association,0791-9638,,3501,1994,C
"Accounting, Organizations and Society",Elsevier,0361-3682,1873-6289,3501,1976,A*
ACM Transactions on Information Systems,Association for Computing Machinery,1046-8188,1558-2868,4609,1983,C
ACM Transactions on Modeling and Computer Simulation,Association for Computing Machinery,1049-3301,1558-1195,3599,1991,B
Acta Oeconomica,Akademiai Kiado,0001-6373,1588-2659,3899,1951,C
Acta Psychologica,Elsevier,0001-6918,1873-6297,3507,1936,A
Acta Turistica,"University of Zagreb, Faculty of Economics and Business",0353-4316,1848-6061,3508,1989,C
Acta Universitatis Bohemiae Meridionalis,University of South Bohemia Faculty of Economics,1212-3285,2336-4297,3801,1971,C
Action Learning and Action Research Journal,ALARA Association Inc.,1326-964X,1326-964X,3507,1996,C
Action Learning Research and Practice,Taylor and Francis Online,1476-7333,1476-7341,3507,2004,C
Active Learning in Higher Education,Sage Publications,1469-7874,1741-2625,3505,2000,B
Actuarial Research Clearinghouse,SOA Education and Research Section,0732-5428,,3502,2004,C
Adelaide Law Review,University of Adelaide,0065-1915,,4801,1960,A
Administration and Society,Sage Publications,0095-3997,1552-3039,3507,1975,B
Administrative Science Quarterly,Sage Publications,0001-8392,1930-3815,3507,1956,A*
Administrative Sciences,MDPI,,2076-3387,3507,2011,C
Administrative Theory and Praxis,Taylor & Francis Online,1084-1806,1949-0461,3507,1979,B
Advances and Applications in Statistics,Pushpa Publishing House,0972-3617,,4905,2001,C
Advances in Accounting,Elsevier,0882-6110,1046-5715,3501,1984,A
Advances in Accounting Behavioral Research,Emerald Group Publishing,1475-1488,,3501,1998,A
Advances in Accounting Education: teaching and curriculum innovations,Emerald Group Publishing,1085-4622,,3501,1996,C
Advances in Applied Probability,Applied Probability Trust,0001-8678,1475-6064,4905,1964,A
Advances in Consumer Research,Association for Consumer Research,0098-9258,,3506,1974,B
Advances in Developing Human Resources,Sage Publications,1523-4223,1552-3055,3505,1999,C
Advances in Environmental Accounting and Management,Emerald Group Publishing,1479-3598,,3501,2000,B
Advances in Experimental Social Psychology,Elsevier,0065-2601,1557-8410,3507,1964,A*
Advances in Hospitality and Leisure,Emerald Group Publishing,1745-3542,,3504,2005,C
Advances in International Management,Emerald Group Publishing,1571-5027,,3507,1988,C
Advances in International Marketing,Emerald Group Publishing,1474-7979,,3506,1986,C
Advances in Management Accounting,Emerald Group Publishing,1474-7871,,3501,1990,A
Advances in Public Interest Accounting,Emerald Group Publishing,1041-7060,,3501,1986,C
Advances in Strategic Management,Emerald Group Publishing,0742-3322,,3507,1983,C
Advances in Taxation,Emerald Group Publishing,1058-7497,,4801,1987,B
Advertising & Society Review,Johns Hopkins University Press,2475-1790,1534-7311,3506,2000,C
Afaq Iqtisadiyyah,Federation of UAE Chambers of Commerce and Industry: Centre for Research and Authentication,1024-266X,,3801,1980,C
Africa Development/Afrique et Developpement,Council for the Development of Economic and Social Research in Africa,0850-3907,,3899,1976,C
African Development Review,Wiley-Blackwell Publishing,1017-6772,1467-8268,3899,1989,C
African Economic History,University of Wisconsin Press,0145-2258,2163-9108,3801,1974,C
"African Journal of Accounting, Auditing and Finance",Inderscience Enterprises Ltd.,2046-8083,2046-8091,3501,2012,C
African Journal of Agricultural and Resource Economics,African Association of Agricultural Economists,1993-3738,2521-9871,3801,2006,B
African Journal of Business and Economic Research,Adonis and Abbey Publishers Ltd,1750-4554,1750-4562,3801,2006,C
African Journal of Economic and Management Studies,Emerald Group Publishing,2040-0705,2040-0713,3507,2010,C
African Journal of Economic and Sustainable Development,Inderscience Enterprises Ltd.,2046-4770,2046-4789,3801,2012,C
African Review of Economics and Finance,Wits University Press,2042-1478,2410-4906,3801,2009,C
Afrika Spectrum,Deutsches Institut für Afrika-Forschung,0002-0397,1868-6869,3801,1966,C
Afro-Asian Journal of Finance and Accounting,Inderscience Enterprises Ltd.,1751-6447,1751-6455,3502,2008,C
AgBioForum,Illinois Missouri Biotechnology Alliance,1522-936X,,3801,1998,C
Agenda: a journal of policy analysis and reform,Australian National University,1322-1833,1447-4735,3801,1994,B
Agribusiness: An international journal,Wiley-Blackwell Publishing,0742-4477,1520-6297,3801,1984,C
Agricultural and Resource Economics Review,Cambridge University Press,1068-2805,2372-2614,3801,1972,B
Agricultural Economics,Wiley-Blackwell Publishing,0169-5150,1574-0862,3801,1928,A
Agricultural Economics and Rural Development,Institute of Agricultural Economics,,,3899,2004,C
Agricultural Economics Research Review,Sage Publications,0971-3441,0974-0279,3899,1988,C
Agricultural Economics Review,Greek Association of Agricultural Economists,1109-2580,,3899,2000,C
Agricultural Finance Review,Emerald Group Publishing,0002-1466,2041-6326,3502,1931,C
Agriculture and Human Values,Springer International Publishing,0889-048X,1572-8366,3801,1984,B
AIMS International Journal of Management,AIMS International,1939-7011,,3507,2007,C
Air and Space Law,Kluwer Law International,0927-3379,1875-8339,4801,1974,B
AIS Educator Journal,Allen Press Inc.,1935-8156,,3501,2006,C
AIS Transactions on Human-Computer Interaction,Association for Information Systems,1944-3900,,4609,2009,A
Akron Tax Journal,University of Akron,1044-4130,,4801,1983,B
Alberta Law Review,University of Alberta,0002-4821,,4801,1955,B
Algorithmic Finance,Sage Publications,2158-5571,2157-6203,3502,2011,B
ALI - ABA Business Law Course Materials Journal,American Law Institute,1536-4445,,4801,1976,C
Aligarh Journal of Statistics,Aligarh Muslim University,0971-0388,,4905,1981,C
Alternative Law Journal,Sage Publications,1037-969X,2398-9084,4801,1975,B
"Alternatives: global, local, political",Sage Publications,0304-3754,2163-3150,3507,1974,A
American Bankruptcy Institute Law Review,St. John's University School of Law,1068-0861,,4801,1993,B
American Bankruptcy Law Journal,The National Conference of Bankruptcy Judges,0027-9048,,4801,1971,B
American Behavioral Scientist,Sage Publications,0002-7642,1552-3381,3507,1957,B
American Business Law Journal,Wiley-Blackwell Publishing,0002-7766,1744-1714,4801,1963,A
American Business Review,University of New Haven,0743-2348,0743-2348,3507,1983,B
American Economic Journal: Applied Economics,American Economic Association,1945-7782,1945-7790,3801,2009,A*
American Economic Journal: Economic Policy,American Economic Association,1945-7731,1945-774X,3801,2009,A*
American Economic Journal: Macroeconomics,American Economic Association,1945-7707,1945-7715,3801,2009,A*
American Economic Journal: Microeconomics,American Economic Association,1945-7669,1945-7685,3801,2009,A*
American Economic Review: Insights,American Economic Association,2640-205X,2640-2068,3801,2019,A*
American Economist,Sage Publications,0569-4345,2328-1235,3801,1960,C
American International Journal of Business and Management Studies,American Center of Science and Education,2641-4937,2641-4953,3507,2019,C
American Journal of Agricultural Economics,Oxford University Press,0002-9092,1467-8276,3801,1919,A*
American Journal of Business (AJB),Emerald Publishing,1935-519X,1935-5181,3507,1986,C
American Journal of Comparative Law,Oxford University Press,0002-919X,2326-9197,4801,1951,A
American Journal of Economics and Sociology,Wiley-Blackwell Publishing,0002-9246,1536-7150,3801,1941,B
American Journal of Evaluation,Sage Publications,1098-2140,1557-0878,3503,1981,C
American Journal of Finance and Accounting,Inderscience Publishers,1752-7767,1752-7775,3502,2008,C
American Journal of Health Economics,MIT Press,2332-3493,2332-3507,3801,2015,A*
American Journal of Political Science,Wiley-Blackwell Publishing,0092-5853,1540-5907,3599,1950,A*
American Journal of Public Health,The American Public Health Association,0090-0036,1541-0048,3599,1911,A*
American Journal of Recreation Therapy,Weston Medical Publishing,1539-4131,,3504,2002,C
American Journal of Sociology,The University of Chicago Press,0002-9602,1537-5390,3507,1895,A*
American Law and Economics Review,Oxford University Press,1465-7252,1465-7260,3801,1999,B
American Political Science Review,Cambridge University Press,0003-0554,1537-5943,3599,1906,A*
American Psychologist,American Psychological Association,0003-066X,1935-990X,3507,1946,A*
American Review of Political Economy,American Review of Political Economy,1551-1383,,3899,2002,C
American Review of Public Administration,Sage Publications,0275-0740,1552-3357,3599,1967,B
American Sociological Review,Sage Publications,0003-1224,1939-8271,3507,1936,A*
AMS Review,Springer International Publishing,1869-814X,1869-8182,3506,1997,B
Analisis: cuadernos de investigacion,Centre for Latin American Monetary Studies (CEMLA),0252-8851,,3801,1977,C
Analytic Methods in Accident Research,Elsevier,2213-6657,2213-6665,3509,2014,B
Anatolia,Taylor & Francis Online,1303-2917,2156-6909,3508,1990,B
Annals Economy Series,Universitatea Constantin Brancusi din Targu-Jiu,1844-7007,,3899,2009,C
Annals of Actuarial Science,Cambridge University Press,1748-4995,1748-5002,3502,2006,A
Annals of Applied Probability,Institute of Mathematical Statistics,1050-5164,2168-8737,4905,1991,A
Annals of Applied Statistics,Institute of Mathematical Statistics,1932-6157,1941-7330,4905,2007,A
Annals of Economics and Finance,Peking University Press,1529-7373,,3502,2000,C
Annals of Finance,Springer International Publishing,1614-2446,1614-2454,3502,2005,B
Annals of Leisure Research,Routledge,1174-5398,2159-6816,3504,1998,B
Annals of Operations Research,Springer International Publishing,0254-5330,1572-9338,3507,1984,A
Annals of Probability,Institute of Mathematical Statistics,0091-1798,2168-894X,4905,1973,A*
Annals of Public and Cooperative Economics,Wiley-Blackwell Publishing,1370-4788,1467-8292,3801,1925,B
Annals of Statistics,Institute of Mathematical Statistics,0090-5364,,4905,1973,A*
Annals of the American Academy of Political and Social Science,Sage Publications,0002-7162,1552-3349,3599,1891,B
Annals of the Institute of Statistical Mathematics,Springer International Publishing,0020-3157,1572-9052,4905,1949,A
Annals of Tourism Research,Elsevier,0160-7383,1873-7722,3508,1973,A*
Annals of Tourism Research Empirical Insights,Elsevier,2666-9579,2666-9579,3508,,B
Annual Editions: Economics,Dushkin Publ. Group,1092-776X,,3801,1971,C
Annual Review of Banking and Financial Law,Boston University School of Law,1544-4627,,4801,1982,C
Annual Review of Economics,Annual Reviews,1941-1383,1941-1391,3801,2009,A*
Annual Review of Financial Economics,Annual Reviews,1941-1367,1941-1375,3801,2009,B
Annual Review of Organizational Psychology and Organizational Behavior,Annual Reviews,2327-0616,,3507,2014,A*
Annual Review of Psychology,Annual Reviews,0066-4308,1545-2085,3507,1950,A*
Annual Review of Resource Economics,Annual Reviews,1941-1340,1941-1359,3801,2009,B
Annual Review of Sociology,Annual Reviews,0360-0572,1545-2115,3507,1975,A*
Anti Trust Law Journal,American Bar Association,0003-6056,,4801,1952,A
Antitrust Bulletin,Sage Publications,0003-603X,1930-7969,4801,1955,B
Appetite,Elsevier,0195-6663,1095-8304,3506,1980,A
Applied Cognitive Psychology,Wiley-Blackwell Publishing,0888-4080,1099-0720,3507,1987,B
Applied Econometrics,"Moscow University for Industry and Finance Synergy"" """,1993-7601,2410-6445,3802,2006,C
Applied Econometrics and International Development,Euro-American Association of Economic Development Studies,1578-4487,,3802,2001,C
Applied Economic Analysis,Emerald Publishing Group,2632-7627,,3801,,B
Applied Economic Perspectives and Policy,Oxford University Press,2040-5804,2040-5970,3801,1979,B
Applied Economics,Taylor & Francis Online,0003-6846,1466-4283,3801,1969,A
Applied Economics Letters,Taylor & Francis Online,1350-4851,1466-4291,3801,1994,B
Applied Economics Quarterly,Duncker & Humblot Gmbh,1611-6607,1865-5122,3801,1952,B
Applied Energy,Elsevier,0306-2619,,3599,1975,A
Applied Finance Letters,Auckland University of Technology,2253-5799,2253-5802,3502,2012,B
Applied Financial Economics,Taylor & Francis Online,0960-3107,1466-4305,3502,1991,B
Applied Health Economics and Health Policy,Springer International Publishing,1175-5652,1179-1896,3801,2002,C
Applied Mathematical Finance,Taylor & Francis Online,1350-486X,1466-4313,3502,1994,B
Applied Psychological Measurement,Sage Publications,0146-6216,1552-3497,3507,1977,B
Applied Psychology: An International Review,Wiley-Blackwell Publishing,0269-994X,1464-0597,3507,1952,A
Applied Research in Quality of Life,Springer Nature,1871-2584,1871-2576,3599,,B
Applied Stochastic Models in Business and Industry,Wiley-Blackwell Publishing,1524-1904,1526-4025,4905,1985,B
Appraisal Journal,Appraisal Institute,0003-7087,,3504,1932,B
Aquaculture Economics and Management,Taylor & Francis Online,1365-7305,1551-8663,3801,1997,C
Arizona Law Review,HeinOnline,0004-153X,,4801,1959,B
Arkansas Business and Economic Review,"University of Arkansas, Bureau of Business and Eco",0004-1742,,3801,1933,C
Artha-Vikas: a journal of economic development,Sardar Patel University,0004-3567,,3801,1965,C
Arts and the Market (formerly Arts Marketing),Emerald Group Publishing,2044-2084,2056-4945,3506,,C
ASEAN Journal on Hospitality and Tourism,Institut Teknologi Bandung,1412-2073,,3508,2002,C
Asia Europe Journal,Springer International Publishing,1610-2932,1612-1031,3599,2003,B
Asia Pacific Business Review,Taylor & Francis Online,1360-2381,1743-792X,3507,1994,B
Asia Pacific Journal of Economics and Business,Taylor & Francis Online,1326-8481,,3801,1997,B
Asia Pacific Journal of Finance,Wiley-Blackwell Publishing,0219-1466,,3502,1998,B
Asia Pacific Journal of Health Management,Australian College of Health Service Executives,1833-3818,1833-3818,3599,2006,C
Asia Pacific Journal of Information Systems,Korea Society of Management Information Systems,2288-5404,2288-6818,4609,1990,B
Asia Pacific Journal of Management,Springer International Publishing,0217-4561,1572-9958,3507,1983,A
Asia Pacific Journal of Marketing and Logistics,Emerald Group Publishing,1355-5855,1758-4248,3506,1988,A
Asia Pacific Journal of Taxation,Hong Kong Polytechnic University,1027-5592,,4801,1997,C
Asia Pacific Journal of Tourism Research,Taylor & Francis Online,1094-1665,1741-6507,3508,1996,A
Asia Pacific Law Review,Taylor & Francis Online,1019-2557,1875-8444,4801,1992,C
Asia Pacific Public Relations Journal,University of Newcastle,1440-4389,1839-8227,3506,1999,B
Asia Pacific Sustainable Development Journal,United Nations ESCAP,1020-1246,,3899,1956,B
Asia-Pacific Financial Markets,Springer International Publishing,1387-2834,1573-6946,3502,1994,C
Asia-Pacific Journal of Accounting and Economics,Taylor & Francis Online,1608-1625,2164-2257,3501,2000,B
Asia-Pacific Journal of Business Administration,Emerald Group Publishing,1757-4323,1757-4331,3507,2009,B
Asia-Pacific Journal of Financial Studies,Wiley-Blackwell Publishing,2041-9945,2041-6156,3502,1980,B
Asia-Pacific Journal of Human Resources,Wiley-Blackwell Publishing,1038-4111,1744-7941,3505,1966,A
Asia-Pacific Journal of Innovation in Hospitality and Tourism,"Taylors' University, Malaysia",2710-6519,,3508,,C
Asia-Pacific Journal of Risk and Insurance,De Gruyter,2194-606X,2153-3792,3502,2005,B
Asia-Pacific Management Accounting Journal,Universiti Teknologi MARA (UiTM) Press,1675-3194,2550-1631,3501,2006,C
Asia-Pacific Management Review,Elsevier,1029-3132,2589-8213,3507,1996,C
Asia-Pacific Tax Bulletin,International Bureau of Fiscal Documentation,1385-3082,,4801,1983,C
Asian Academy of Management Journal,Penerbit Universiti Sains Malaysia,1394-2603,2180-4184,3507,1996,C
Asian Academy of Management Journal of Accounting and Finance,Asian Academy of Management / Penerbit Universiti Sains Malaysia,1823-4992,2180-4192,3501,2005,C
Asian and Pacific Economic Review,ya tai jing ji bian ji bu,1000-6052,,3801,1985,C
Asian and Pacific Migration Journal,Sage Publications,0117-1968,2057-049X,3599,1992,C
Asian Business and Management,Springer International Publishing,1472-4782,1476-9328,3507,2002,C
Asian Development Review,MIT Press,0116-1105,0116-1105,3801,1983,C
Asian Economic Journal,Wiley-Blackwell Publishing,1351-3958,1467-8381,3801,1987,B
Asian Economic Papers,MIT Press,1535-3516,1536-0083,3801,2002,B
Asian Economic Policy Review,Wiley-Blackwell Publishing,1832-8105,1748-3131,3801,2006,C
Asian Economics Letters,Asia-Pacific Applied Economics Association,2652-8681,,3801,,C
Asian Economies,Ajia Keizai Kenkyujo,0002-2942,,3801,1960,C
Asian Journal of Accounting and Governance,Universiti Kebangsaan Malaysia (UKM) Press,2180-3838,,3501,2010,C
Asian Journal of Accounting Research,Emerald Group Publishing,2459-9700,2443-4175,3501,2016,B
Asian Journal of Agriculture and Development,Southeast Asian Regional Center for Graduate Study and Research in Agriculture,1656-4383,2599-3879,3899,2004,C
Asian Journal of Business and Accounting,University of Malaya,1985-4064,2180-3137,3501,,C
Asian Journal of Business Ethics,Springer International Publishing,2210-6723,2210-6731,3507,2012,C
Asian Journal of Business Research,Asia Business Research Corporation Limited,2463-4522,1178-8933,3506,2011,C
Asian Journal of International Law,Cambridge University Press,2044-2513,2044-2521,4801,1997,C
Asian Journal of Management Cases,Sage Publications,0972-8201,0973-0621,3501,2004,C
Asian Journal of Marketing (SING),"Marketing Institute of Singapore and Faculty of Business Administration, National University of Singapore",0218-6101,,3506,1992,C
Asian Journal of Political Science,Taylor & Francis Online,0218-5377,1750-7812,3599,1993,B
Asian Journal of Social Science,Elsevier,1568-4849,1568-5314,3599,1973,C
Asian Population Studies,Taylor & Francis Online,1744-1730,1744-1749,3599,2005,B
Asian Review of Accounting,Emerald Group Publishing,Emerald Group Publishing,1758-8863,3501,1992,B
Asian Survey,University of California Press,0004-4687,1533-838X,3599,2011,C
Asian-Pacific Economic Literature,Wiley-Blackwell Publishing,0818-9935,1467-8411,3801,1987,C
ASOR Bulletin,Australian Society for Operations Reseach Inc.,0812-860X,1446-6678,3509,1981,C
Asper Review of International Business and Trade Law,"University of Manitoba, Faculty of Law",1496-9572,,4801,2001,C
AStA Advances in Statistical Analysis,Springer Nature,1863-8171,1863-818X,4905,1916,C
ASTIN Bulletin,Cambridge University Press,0515-0361,1783-1350,3502,1960,A*
ATA Journal of Legal Tax Research,American Accounting Association,1543-866X,,4801,2003,C
Atlantic Economic Journal,Springer International Publishing,0197-4254,1573-9678,3801,1973,C
Auckland University Law Review,Auckland University Law Students' Society,0067-0510,,4801,1967,C
Audit Financiar,Chamber of Financial Auditors in Romania,1583-5812,1844-8801,3501,2003,C
Auditing: A Journal of Practice and Theory,American Accounting Association,0278-0380,1558-7991,3501,1981,A*
Australasian Accounting Business and Finance Journal,University of Wollongong,1834-2000,1834-2019,3501,2007,B
Australasian Agribusiness Review,University of New England,1442-6951,,3599,1993,C
Australasian Dispute Resolution Journal,Thomson Reuters,1441-7847,1441-7847,4801,1990,C
Australasian Journal of Economics Education,University of Queensland,1448-448X,1448-4498,3801,2004,C
Australasian Journal of Information Systems,Australasian Association for Information Systems (AAIS),1449-8618,1326-2238,4609,1983,A
Australasian Journal of Natural Resources Law and Policy,University of Wollongong,1320-5323,,4801,1993,B
Australasian Journal of Regional Studies,Australian and New Zealand Regional Science Association,1324-0935,,3599,1995,B
Australasian Journal on Ageing,Wiley-Blackwell Publishing,1440-6381,1741-6612,3599,1982,B
Australasian Marketing Journal,Sage Publications,1441-3582,1839-3349,3506,1993,A
Australian Accounting Review,Wiley-Blackwell Publishing,1035-6908,1835-2561,3501,1991,B
Australian and New Zealand Journal of Criminology,Sage Publications,0004-8658,1837-9273,4801,1968,A
Australian and New Zealand Journal of Statistics,Wiley-Blackwell Publishing,1369-1473,1467-842X,4905,1959,A
Australian Bar Review,LexisNexis,0814-8589,,4801,1986,A
Australian Business Law Review,Thomson Reuters,0310-1053,,4801,1973,A
Australian Commodities,Australian Bureau of Agricultural and Resource Economics,1321-7844,,3801,1948,C
Asia‐Pacific Economic History Review,Wiley-Blackwell Publishing,0004-8992,1467-8446,3801,1956,B
Australian Economic Papers,Wiley-Blackwell Publishing,0004-900X,1467-8454,3801,1962,B
Australian GST Journal,Thomson Reuters,1445-4068,,4801,1998,C
Australian Intellectual Property Journal,Thomson Reuters,1038-1635,,4801,1990,B
Australian Journal of Actuarial Practice (formerly Australian Actuarial Journal),Institute of Actuaries of Australia,2203-2290,2203-5354,3502,1997,C
Australian Journal of Asian Law,Federation Press,1443-0738,,4801,2000,C
Australian Journal of Career Development,Sage Publications,1038-4162,2200-6974,3505,1992,B
Australian Journal of Competition and Consumer Law (formerly Trade Practices Law Journal),Thomson Reuters,1838-9260,,4801,1993,B
Australian Journal of Corporate Law,LexisNexis,1037-4124,,4801,1991,A
Australian Journal of Environmental Education,Cambridge University Press,0814-0626,2049-775X,3507,1984,B
Australian Journal of Human Rights,University of New South Wales,1323-238X,2573-573X,3599,1994,B
Australian Journal of International Affairs,Taylor & Francis Online,1035-7718,1465-332X,3599,1947,A
Australian Journal of Labour Economics: a journal of labour economics and labour relations,Centre for Labour Market Research,1328-1143,,3801,1989,B
Australian Journal of Labour Law,LexisNexis,1030-7222,,4801,1988,A
Australian Journal of Management,Sage Publications,0312-8962,1327-2020,3502,1976,A
Australian Journal of Political Science,Taylor & Francis Online,1036-1146,1363-030X,3599,1956,A
Australian Journal of Public Administration,Wiley-Blackwell Publishing,0313-6647,1467-8500,3599,1937,A
Australian Law Journal,Thomson Reuters,0004-9611,,4801,1927,A
Australian Property Law Journal,University of Western Australia,1038-5959,,4801,1993,B
Australian Psychologist,Wiley-Blackwell Publishing,0005-0067,1742-9544,3507,1966,B
Australian Tax Forum,Tax Institute,0812-695X,,4801,1984,A*
Australian Tax Law Bulletin,LexisNexis,2203-9481,,4801,2014,C
Australian Tax Review,Thomson Reuters,0311-094X,,4801,1971,A
Austrian Economic Quarterly,Austrian Institute of Economic Research,1025-6954,1605-4709,3899,1996,C
Baltic Journal of Economics,Taylor & Francis Online,1406-099X,2334-4385,3801,2000,C
Baltic Journal of Management,Emerald Group Publishing,1746-5265,1746-5273,3507,2006,B
Bank Parikrama: A Journal of Banking and Finance,Bangladesh Institute of Bank Management,1019-7044,,3502,,C
Banking and Finance Law Review,HAB Press Limited,0832-8722,,4801,1986,B
Banking Law Journal,LexisNexis,0005-5506,,4801,1989,C
Basic and Applied Social Psychology,Taylor & Francis Online,0197-3533,1532-4834,3507,1980,B
Basic Income Studies,De Gruyter,2194-6094,1932-0183,3801,2006,C
Bayesian Analysis,International Society for Bayesian Analysis,1936-0975,1931-6690,4905,2006,A
Behavioral Research in Accounting,American Accounting Association,1050-4753,1558-8009,3501,1989,A
Behaviour and Information Technology,Taylor & Francis Online,0144-929X,1362-3001,4609,1982,A
Benchmarking: an international journal,Emerald Group Publishing,1463-5771,1758-4094,3507,1994,B
Berkeley Business Law Journal,University of California Berkeley School of Law,1548-7067,,4801,2004,B
Berkeley Technology Law Journal,University of California Berkeley School of Law,1086-3818,,4801,1986,A
Bernoulli,Bernoulli Society for Mathematical Statistics and Probability,1350-7265,1573-9759,4905,1995,A
BFuP - Betriebswirtschaftliche Forschung und Praxis,NWB Verlag GmbH & Co. KG,0340-5370,,3801,1949,C
Bio-based and Applied Economics Journal,Firenze University Press,2280-6180,2280-6172,3899,2012,C
Bioinformatics,Oxford University Press,1367-4803,1460-2059,4905,1998,A
Biometrical Journal,Wiley-Blackwell Publishing,0323-3847,1521-4036,4905,1977,B
Biometrika,Oxford University Press,0006-3444,1464-3510,4905,1901,A*
Biostatistics,Oxford University Press,1465-4644,1468-4357,4905,2000,A
Bond Law Review,Bond Faculty of Law Review Editorial Committee,1033-4505,,4801,1989,B
Borsa Istanbul Review,Elsevier,2214-8450,2214-8469,3502,2013,B
Boston University Law Review,Boston University School of Law,0006-8047,,4801,1921,A*
Brazilian Electronic Journal of Economics,"Universidade Federal de Pernambuco, Department of Economics",1516-4373,,3801,1997,C
Brazilian Journal of Business Economics,Universidade Catolica de Brasilia,1676-8000,2236-9775,3801,2001,C
Brazilian Journal of Rural Economy and Sociology,"Brazilian Society of Rural Economics, Management and Sociology",0103-2003,1806-9479,3899,1963,C
Briefing Notes in Economics,Parvis Dabir-Alai,0968-7017,,3803,1992,C
British Accounting Review,Elsevier,0890-8389,1095-8347,3501,1968,A*
British Actuarial Journal,Cambridge University Press,1357-3217,2044-0456,3502,1998,B
British Food Journal,Emerald Group Publishing,0007-070X,1758-4108,3506,1899,B
British Journal of Educational Technology,Wiley-Blackwell Publishing,0007-1013,1467-8535,4609,1970,A
British Journal of Health Care Management,Mark Allen Group,1358-0574,1759-7382,3507,1995,C
British Journal of Industrial Relations,Wiley-Blackwell Publishing,0007-1080,1467-8543,3505,1963,A*
British Journal of Management,Wiley-Blackwell Publishing,1045-3172,1467-8551,3507,1990,A*
British Journal of Mathematical and Statistical Psychology,Wiley-Blackwell Publishing,0007-1102,2044-8317,4905,1947,B
British Journal of Political Science,Cambridge University Press,0007-1234,1469-2112,3599,1971,A*
British Journal of Social Psychology,Wiley-Blackwell Publishing,0144-6665,2044-8309,3507,1962,A
British Journal of Sociology,Wiley-Blackwell Publishing,0007-1315,1468-4446,3507,1950,A
British Tax Review,Sweet & Maxwell,0007-1870,,4801,1956,A*
Brookings Papers on Economic Activity,Brookings Institutions,0007-2303,1533-4465,3801,1970,A
Brussels Economic Review,Universite libre de Bruxelles,0008-0195,,3801,1958,C
Building Research and Information,Taylor & Francis Online,0961-3218,1466-4321,3599,1970,A
Built Environment Project and Asset Management,Emerald Group Publishing,2044-124X,2044-1258,3599,2011,B
Bulletin for International Taxation,International Bureau of Fiscal Documentation,1819-5490,2352-9202,4801,1946,B
Bulletin of Applied Economics,Risk Market Journals,2056-3728,2056-3736,3801,2014,C
Bulletin of Comparative Labour Relations,Wolters Kluwer,0770-3724,,3505,1975,C
Bulletin of Economic Research,Wiley-Blackwell Publishing,0307-3378,1467-8586,3801,1948,B
Bulletin of Indonesian Economic Studies,Taylor & Francis Online,0007-4918,1472-7234,3801,1965,B
Bulletin of Monetary Economics and Banking,Bank Indonesia,1410-8046,2460-9196,3502,1998,C
Bulletin of the Czech Econometric Society,The Czech Econometric Society,1212-074X,,3802,1994,C
Business & Information Systems Engineering,Springer International Publishing,2363-7005,1867-0202,4609,2009,A
Business Analyst Journal,Emerald Publishing,0973-211X,2754-6721,3502,1968,C
Business and Economics Research Journal,Adem Anbar,1309-2448,,3801,2010,C
Business and Human Rights Journal,Cambridge University Press,2057-0198,2057-0201,4801,2016,B
Business and Politics,Cambridge University Press,1369-5258,1469-3569,3899,1999,C
Business and Professional Communication Quarterly,Sage Publications,2329-4906,2329-4922,3507,1935,C
Business and Professional Ethics Journal,"Institute for Business and Professional Ethics, DePaul University",0277-2027,2153-7828,3507,1981,C
Business and Society,Sage Publications,0007-6503,1552-4205,3507,1960,A
Business and Society Review,Wiley-Blackwell Publishing,0045-3609,1467-8594,3507,1900,C
Business Case Journal,Society for Case Research,1937-8459,,3599,1997,C
Business Economics,Springer International Publishing,0007-666X,1554-432X,3801,1965,B
Business Ethics and Leadership,"Academic Research and Publishing UG, Germany",2520-6761,2520-6311,3507,2017,C
Business Ethics Quarterly,Cambridge University Press,1052-150X,2153-3326,3507,1991,A
"Business Ethics, the Environment & Responsibility",Wiley-Blackwell Publishing,0962-8770,1467-8608,3507,1992,B
Business History,Taylor & Francis Online,0007-6791,1743-7938,3505,1958,A*
Business History Review,Cambridge University Press,0007-6805,2044-768X,3505,1926,A
Business Horizons,Elsevier,0007-6813,1873-6068,3507,1957,B
Business Law Review,Husson University,1533-7421,,4801,1968,C
Business Law Today,American Bar Association,1059-9436,,4801,1980,C
Business Perspectives and Research,Sage Publications,2394-9937,2278-5337,3507,2012,C
Business Process Management Journal,Emerald Group Publishing,1463-7154,1758-4116,4609,1995,B
Business Research Quarterly,Asociacion Cientifica de Economia y Direccion de la Empresa,2340-9436,,3507,2014,B
Business Strategy and the Environment,Wiley-Blackwell Publishing,0964-4733,1099-0836,3507,1992,A
Business Strategy Review,Wiley-Blackwell Publishing,0955-6419,1467-8616,3507,1990,B
Cadernos de Pos-Graduacao em Direito Politico e Economico,,1678-2127,,3801,2001,C
California Management Review,Sage Publications,0008-1256,2162-8564,3507,1958,A
Cambridge Journal of Economics,Oxford University Press,0309-166X,1464-3545,3801,1977,A
"Cambridge Journal of Regions, Economy and Society",Oxford University Press,1752-1378,1752-1386,3801,2008,B
Cambridge Law Journal,Cambridge University Press,0008-1973,1469-2139,4801,1921,A*
Canadian Bar Review,Canadian Bar Association,0008-3003,,4801,1923,B
Canadian Business Law Journal,Canada Law Book,0319-3322,,4801,1976,A
Canadian Journal of Administrative Sciences / Revue Canadienne des Sciences de l Administration,Wiley-Blackwell Publishing,0825-0383,1936-4490,3507,1984,B
Canadian Journal of Agricultural Economics / Revue Canadienne d Agroeconomie,Wiley-Blackwell Publishing,0008-3976,1744-7976,3801,1952,A
Canadian Journal of Development Studies / Revue canadienne d'etudes du developpement,Taylor & Francis Online,0225-5189,2158-9100,3801,1980,B
Canadian Journal of Economics / Revue Canadienne D'Economique,Wiley-Blackwell Publishing,0008-4085,1540-5982,3801,1968,A
Canadian Journal of Marketing Research,Marketing Research and Intelligence Association,0829-4836,,3506,1980,C
Canadian Journal of Statistics,Wiley-Blackwell Publishing,0319-5724,1708-945X,4905,1973,A
Canadian Public Policy / Analyse de Politiques,University of Toronto Press,0317-0861,1911-9917,3599,1975,B
Canadian Tax Journal,Canadian Tax Foundation,0008-5111,,4801,1953,A*
Canberra Law Review,University of Canberra,1320-6702,,4801,1994,C
Canterbury Law Review,University of Canterbury,0112-0581,,4801,1980,B
Capital and Class,Sage Publications,0309-8168,2041-0980,3899,1970,B
Capital Markets Law Journal,Oxford University Press,1750-7219,1750-7227,4801,2006,A
Capital Markets Review,Malaysian Finance Association and Bursa Malaysia,1823-4445,,3502,1993,C
Capitalism and Society,SSRN,1932-0213,,3801,2006,C
Career Development and Transition for Exceptional Individuals,Sage Publications,0885-7288,1557-5047,3507,1978,C
Career Development International,Emerald Group Publishing,1362-0436,1758-6003,3505,1996,A
Case Studies on Transport Policy,Elsevier,2213-624X,,3509,2013,C
Cayapa: revista venezolana de economia social,Universidad de los Andes,1317-5734,,3801,2001,C
Central Bank Review,Elsevier,1303-0701,1305-8800,3502,2001,C
Central European Journal of Economic Modelling and Econometrics,Central European Journal of Economic Modelling and Econometrics,2080-0886,2080-119X,3802,2009,C
Central European Journal of Operations Research,Springer International Publishing,1435-246X,1613-9178,3509,1993,C
CESifo Economic Studies,Oxford University Press,1610-241X,1612-7501,3801,1955,C
Charity Law and Practice Review,Key Haven Publications,0966-4041,,4801,1993,B
Chilean Journal of Statistics,Chilean Statistical Society,0718-7912,0718-7920,4905,2010,C
China Accounting and Finance Review,Hong Kong Polytechnic University,1029-807X,2307-3055,3501,1999,A
China Agricultural Economic Review,Emerald Group Publishing,1756-137X,1756-1388,3801,2008,B
China and World Economy,Wiley-Blackwell Publishing,1671-2234,1749-124X,3801,1993,B
China Economic Journal,Taylor & Francis,1753-8963,1753-8971,3899,,B
China Economic Quarterly International,"KeAi Communications Co., Ltd.",2666-9331,,3801,,C
China Economic Review,Elsevier,1043-951X,1873-7781,3801,1989,A
China Finance Review International,Emerald Group Publishing Limited,2044-1398,2044-1401,3502,2010,A
China Information,Sage Publications,0920-203X,1741-590X,3599,1986,B
China Journal of Accounting Research,Elsevier,1755-3091,2214-1421,3501,2008,A
China Journal of Accounting Studies,Taylor & Francis Online,2169-7213,2169-7221,3501,2013,B
Chinese Management Studies,Emerald Group Publishing,1750-614X,1750-6158,3507,2007,C
Chinese Rural Economy,Chinese Rural Economy Press,1002-8870,,3801,1985,C
"Choices: The Magazine of Food, Farm, and Resource Issues",American Agricultural Economics Association,0886-5558,,3899,1986,C
"Ciclos: en la historia, la economia y la sociedad",Universidad de Buenos Aires (UBA),0327-4063,1851-3735,3801,1991,C
Citizenship Studies,Taylor & Francis Online,1362-1025,1469-3593,3599,1997,C
Civil Justice Quarterly,Sweet & Maxwell,0261-9261,,4801,1982,A
Cleaner Logistics and Supply Chain,Elsevier Ltd,,2772-3909,3509,2021,B
Climate and Development,Taylor & Francis Online,1756-5529,1756-5537,3899,2009,B
Climate Change Economics,World Scientific Publishing,2010-0078,,3899,2010,B
Climate Policy,Taylor & Francis Online,1469-3062,1752-7457,3507,2001,C
Cliometrica: journal of historical economics and econometric history,Springer International Publishing,1863-2505,1863-2513,3801,2007,C
Cogent Business & Management,Talyor & Francis Group,,2331-1975,3507,2014,C
Cogent Economics and Finance,Taylor & Francis,2332-2039,,3801,2013,B
Columbia Business Law Review,Columbia Business Law Review,0898-0721,1930-7934,4801,1986,A
Columbia Journal of Asian Law,Columbia Law School,1094-8449,2373-0498,4801,1987,A
Columbia Journal of Law and the Arts,Columbia University,1544-4848,,4801,1974,A
Columbia Journal of Transnational Law,Columbia Society of International Law,0010-1931,2159-1814,4801,1961,A
Columbia Law Review,"Columbia Law Review Association, Inc.",0010-1958,1945-2268,4801,1901,A*
Commercial Law Quarterly,Commercial Law Association,0819-4262,,4801,1968,C
Common Law World Review,Sage Publications,1473-7795,1740-5556,4801,1972,B
Common Market Law Review,Kluwer Law International,0165-0750,1875-8320,4801,1963,B
Commonwealth and Comparative Politics,Taylor & Francis Online,1466-2043,1743-9094,3599,1961,C
Communication & Sport,Sage Publications,2167-4809,2167-4795,3504,2013,B
Communication Research,Sage Publications,0093-6502,1552-3810,3599,1974,A
Communication Research and Practice,Taylor & Francis Online,2204-1451,2206-3374,3506,2015,C
Communication Theory,Oxford University Press,1050-3293,1468-2885,3599,1991,A
Communications in Statistics: Theory and Methods,Taylor & Francis Online,0361-0926,1532-415X,4905,1971,B
Communications in Transportation Research,Elsevier & Tsinghua University Press,,2772-4247,3509,2016,C
Communications Law Bulletin,Australasian Communications Law Association,0727-1301,,4801,1981,C
Communications of the Association for Information Systems,Association for Information Systems (AIS),1529-3181,,4609,1999,A
Community Development Journal,Oxford University Press,0010-3802,1468-2656,3507,1949,B
"Community, Work and Family",Taylor & Francis Online,1366-8803,1469-3615,3507,1998,C
Company and Securities Law Journal,Thomson Reuters,0729-2775,,4801,1982,A
Company Lawyer,Sweet & Maxwell,0144-1027,,4801,1980,B
Comparative Economic Studies,Springer International Publishing,0888-7233,1478-3320,3899,1958,B
Comparative Labor Law and Policy Journal,University of Illinois Press,1095-6654,,4801,1967,A
Comparative Political Studies,Sage Publications,0010-4140,1552-3829,3599,1968,A
Comparative Politics,City University of New York,0010-4159,2151-6227,3599,1968,A
Compensation & Benefits Review,SAGE,0886-3687,1552-3837,3505,,C
Competition and Change,Sage Publications,1024-5294,1477-2221,3505,1995,B
Competition and Consumer Law Journal,LexisNexis,1039-5598,,4801,1993,A
Competition and Regulation in Network Industries,Sage Publications,1783-5917,,3801,2000,B
Competition Law Journal,Edward Elgar Publishing,1476-9085,,4801,2002,C
Competitiveness Review,Emerald Group Publishing,1059-5422,2051-3143,3507,1991,C
Comptabilité - Contrôle - Audit,Association Francophone de Comptabilité FRANCE,1262-2788,2313-514X,3501,1995,B
Computational Economics,Springer International Publishing,0927-7099,1572-9974,3899,1988,B
Computational Management Science,Springer International Publishing,1619-697X,1619-6988,3503,2003,B
Computational Statistics and Data Analysis,Elsevier,0167-9473,1872-7352,4905,1983,A
Computer and Telecommunications Law Review,Sweet & Maxwell,1357-3128,,4801,1995,C
Computer Law & Security Review,Elsevier,0267-3649,1873-6734,4801,1985,B
Computer Supported Cooperative Work,Springer International Publishing,0925-9724,1573-7551,4609,1992,B
Computers & Industrial Engineering,Elsevier,0360-8352,1879-0550,3503,1976,A
Computers and Operations Research,Elsevier,0305-0548,1873-765X,3509,1974,A
Computers in Human Behavior,Elsevier,0747-5632,1873-7692,4609,1985,A
Conflict Management and Peace Science,Sage Publications,0738-8942,1549-9219,3507,1974,B
Conflict Resolution Quarterly,Wiley-Blackwell Publishing,1536-5581,1541-1508,3507,1983,B
Constitutional Political Economy,Springer International Publishing,1043-4062,1572-9966,3801,1990,B
Construction Economics and Building,UTS ePress,1835-6354,2204-9029,3504,2001,C
Construction Innovation,Emerald Group Publishing,1471-4175,1477-0857,3504,2001,B
Construction Law Journal,Sweet & Maxwell,0267-2359,,4801,1984,B
Construction Management and Economics,Taylor & Francis Online,0144-6193,1466-433X,3504,1983,A
Consumer Behavior in Tourism and Hospitality,Emerald Group Publishing,2752-6666,2752-6674,3508,2007,B
Consumer Finance Law Quarterly Report,Conference on Consumer Finance Law,0883-4555,,4801,1946,C
"Consumption, Markets and Culture",Taylor & Francis Online,1025-3866,1477-223X,3506,1997,B
Contemporary Accounting Research,Wiley-Blackwell Publishing,0823-9150,1911-3846,3501,1984,A*
Contemporary Economic Policy,Wiley-Blackwell Publishing,1074-3529,1465-7287,3801,1982,B
Contemporary Economics,Vizia University,2084-0845,2300-8814,3899,2007,C
Contemporary Sociology,Sage Publications,0094-3061,1939-8638,3507,1972,C
Contract and Commercial Law Review,J W Carter Publishing Pty Ltd,2653-8350,,4801,2023,C
Contributions to Political Economy,Oxford University Press,0277-5921,1464-3588,3801,1982,B
Copernican Journal of Finance & Accounting,Nicolaus Copernicus University Press,2300-1240,2300-3065,3501,2012,C
Copyright Society of the USA Journal,Society of the USA,0886-3520,,4801,1953,B
Cornell Hospitality Quarterly,Sage Publications,1938-9655,1938-9663,3504,2008,A
Cornell International Law Journal,Cornell Society of International Law,0010-8812,,4801,1967,B
Cornell Law Review,Cornell Law School,0010-8847,,4801,1915,A*
Corporate Board,Vanguard Publications,0746-8652,,4801,1980,C
Corporate Communications,Emerald Group Publishing,1356-3289,1758-6046,3506,1996,B
Corporate Finance Review,"RIA Group, Boston",1089-327X,,3502,1997,C
Corporate Governance,Emerald Group Publishing,1472-0701,1758-6054,3507,2001,B
Corporate Governance International,The University of Melbourne,1028-9666,,4801,1998,B
Corporate Governance: an international review,Wiley-Blackwell Publishing,0964-8410,1467-8683,3507,1993,A
Corporate Reputation Review,Springer International Publishing,1363-3589,1479-1889,3507,1997,C
Corporate Social Responsibility and Environmental Management,Wiley-Blackwell Publishing,1535-3958,1535-3966,3507,1994,C
Corporate Taxation,"Warren, Gorham & Lamont, Inc.: Thomson Reuters",1534-715X,,4801,1973,C
Cost Effectiveness and Resource Allocation,BioMed Central,,1478-7547,3801,2003,C
Cost Management,"Warren Gorham & Lamont, Inc.  - Thomson Financial Publishing",1092-8057,,3501,1987,C
Creativity and Innovation Management,Wiley-Blackwell Publishing,0963-1690,1467-8691,3507,1992,B
Credit and Capital Markets,Duncker & Humblot Gmbh,2199-1227,2199-1235,3803,1968,C
"Crime, Law and Social Change",Springer International Publishing,0925-4994,1573-0751,4801,1977,B
Critical Asian Studies,Taylor & Francis Online,1467-2715,1472-6033,3599,1968,B
Critical Discourse Studies,Taylor & Francis Online,1740-5904,1740-5912,3599,2004,B
Critical Finance Review,Now Publishers,2164-5744,2164-5760,3502,2012,A*
Critical Perspectives on Accounting,Elsevier,1045-2354,1095-9955,3501,1990,A
Critical Perspectives on International Business,Emerald Group Publishing,1742-2043,1758-6062,3507,2005,B
Critical Studies in Media Communication,Taylor & Francis Online,1529-5036,1479-5809,3599,2000,C
Cross Cultural & Strategic Management,Emerald Publishing,2059-5794,,3507,1994,B
Cultural Diversity and Ethnic Minority Psychology,American Psychological Association,1099-9809,1939-0106,3507,1995,B
Cultural Trends,Taylor & Francis Online,1469-3690,0954-8963,3504,1989,B
Culture and Organization,Taylor & Francis Online,1475-9551,1477-2760,3507,2002,B
Current Issues in Auditing,American Accounting Association,,1936-1270,3501,2007,B
Current Issues in Tourism,Taylor & Francis Online,1368-3500,1747-7603,3508,1998,A
Current Legal Problems,Oxford University Press,0070-1998,,4801,1948,A
Current Politics and Economics of Europe,Nova Science Publishers,1057-2309,,3801,1990,C
Curtin Law and Taxation Review,Curtin Law School,2203-5028,,4801,2014,B
Customer Needs and Solutions,Springer Nature,2196-291X,2196-2928,3506,2014,B
Cyprus Economic Policy Review,University of Cyprus,1450-4561,,3899,2007,C
Czech Economic Review,Charles University,1802-4696,1805-9406,3801,2007,C
Czech Journal of Economics and Finance / Finance a uver,Charles University,0015-1920,2464-7683,3899,1951,C
Dalhousie Law Journal,Dalhousie University Faculty of Law,0317-1663,,4801,1973,A
Data Base for Advances in Information Systems,Sheridan Press,0095-0033,1532-0936,4609,1969,A
De Economist,Springer International Publishing,0013-063X,1572-9982,3801,1852,C
Deakin Law Review,Deakin University,1835-9264,,4801,1993,A
Decision,American Psychological Association,2325-9965,,3507,2013,B
Decision Analysis,The Institute for Operations Research and the Management Sciences (INFORMS),1545-8490,1545-8504,3503,2004,A
Decision Sciences,Wiley-Blackwell Publishing,0011-7315,1540-5915,3509,1970,A*
Decision Sciences Journal of Innovative Education,Wiley-Blackwell Publishing,1540-4595,1540-4609,3505,2003,C
Decision Support Systems,Elsevier,0167-9236,1873-5797,4609,1985,A*
DECISION: Official journal of indian institute of management calcutta,Springer Nature,0304-0941,2197-1722,3507,,C
Decisions in Economics and Finance,Springer International Publishing,1593-8883,1129-6569,3801,1978,B
Defence and Peace Economics,Taylor & Francis Online,1024-2694,1476-8267,3801,1994,B
Defense Transportation Journal,National Defense Transport Association,0011-7625,,3509,1946,C
Delaware Journal of Corporate Law,Delaware Law School of Widener College,0364-9490,1943-7331,4801,1975,A
Demographic Research,Max Planck Institute for Demographic Research,1435-9871,,3505,1999,A
Demography,Springer International Publishing,0070-3370,1533-7790,3801,1964,A
DePaul Business and Commercial Law Journal,DePaul University College of Law,1542-2763,,4801,2002,C
Derivatives & Financial Instruments,International Bureau of Fiscal Documentation,1389-1863,,3502,1999,C
Design Studies,Elsevier,0142-694X,1872-6909,3599,1979,A
Developing Economies,Wiley-Blackwell Publishing,0012-1533,1746-1049,3801,1962,B
Development and Change,Wiley-Blackwell Publishing,0012-155X,1467-7660,3801,1969,B
Development and Learning in Organizations,Emerald Group Publishing,1477-7282,1758-6097,3505,1998,C
Development Policy Review,Wiley-Blackwell Publishing,0950-6764,1467-7679,3801,1966,B
Development Southern Africa,Taylor & Francis Online,0376-835X,1470-3637,3801,1984,C
Digital Business,Elsevier,,2666-9544,4609,2020,C
"Digital Policy, Regulation and Governance",Emerald Publishing,2398-5046,2398-5038,4609,1999,B
Disasters,Wiley-Blackwell Publishing,0361-3666,1467-7717,3599,1977,A
Discourse & Communication,Sage Publications,1750-4813,1750-4821,3599,2007,A
Discourse & Society,Sage Publications,0957-9265,1460-3624,3599,1990,A
Discourse Studies,Sage Publications,1461-4456,1461-7080,3599,1999,A
Duke Journal of Comparative and International Law,Duke University School of Law,1053-6736,2328-9708,4801,1986,A
Duke Law Journal,Duke University Press,0012-7086,,4801,1957,B
Duquesne Business Law Journal,Duquesne University School of Law,1548-372X,,4801,1999,C
Dynamic Econometric Models,Nicolaus Copernicus University Press,1234-3862,2450-7067,3802,1994,C
Dynamic Games and Applications,Springer International Publishing,2153-0785,2153-0793,3803,2011,B
E-Service Journal,Indiana University Press,1528-8226,1528-8234,3506,2001,B
Eastern Economic Journal,Springer International Publishing,0094-5056,1939-4632,3801,1974,B
Eastern European Economics,Taylor & Francis Online,0012-8775,1557-9298,3801,1962,B
EC Tax Review,Kluwer Law International,0928-2750,,4801,1990,B
Ecological Economics,Elsevier,0921-8009,1873-6106,3899,1989,A
Ecology,Wiley-Blackwell Publishing,0012-9658,1939-9170,3599,1920,A
Econ Journal Watch,Fraser Institute,1933-527X,,3801,2004,B
Econometric Reviews,Taylor & Francis Online,0747-4938,1532-4168,3802,1982,A
Econometric Theory,Cambridge University Press,0266-4666,1469-4360,3802,1985,A*
Econometrica,Wiley-Blackwell Publishing,0012-9682,1468-0262,3802,1933,A*
Econometrics,MDPI,2225-1146,,3802,2013,B
Econometrics and Statistics,Elsevier,2452-3062,,3802,2017,B
Econometrics Journal,Oxford University Press,1368-4221,1368-423X,3802,1998,A*
Economia,Pontificia Universidad Catolica del Peru,0254-4415,2304-4306‎,3803,1977,C
Economia Internazionale,Camera di Commercio di Genova,0012-981X,,3801,1948,C
"Economia, the Journal of Latin American and Caribbean Economic Association (LACEA)",Brookings Press,1529-7470,1533-6239,3801,2000,B
Economic Affairs,Wiley-Blackwell Publishing,0265-0665,1468-0270,3801,1980,C
Economic Analysis and Policy,Elsevier,0313-5926,2204-2296,3801,1970,A
Economic and Business Review,"Faculty of Economics, University of Ljubljana, Slovenia",1580-0466,2335-4216,3801,1999,C
Economic and Industrial Democracy: an international journal,Sage Publications,0143-831X,1461-7099,3801,1980,A
Economic and Labour Market Review,Springer Nature,1751-8326,1751-8334,3801,2007,C
Economic and Political Weekly,Sameeksha Trust,0012-9976,2349-8846,3801,1966,B
Economic and Social Review,Economic and Social Studies Ltd,0012-9984,,3801,1969,B
Economic Change and Restructuring,Springer International Publishing,1573-9414,1574-0277,3801,1961,B
Economic Computation and Economic Cybernetics Studies and Research,Academy of Economic Studies,0424-267X,,3899,1966,C
Economic Development and Cultural Change,The University of Chicago Press,0013-0079,1539-2988,3801,1952,A
Economic Development Quarterly,Sage Publications,0891-2424,1552-3543,3801,1987,B
Economic Geography,Taylor & Francis Online,0013-0095,1944-8287,3801,1925,A
Economic History of Developing Regions,Taylor & Francis Online,2078-0389,2078-0397,3801,1982,C
Economic Inquiry,Wiley-Blackwell Publishing,0095-2583,1465-7295,3801,1962,A
Economic Issues,Nottingham Trent University,1363-7029,,3801,1996,B
Economic Modelling,Elsevier,0264-9993,1873-6122,3801,1984,A
Economic Notes,Wiley-Blackwell Publishing,0391-5026,1468-0300,3801,1972,B
Economic Papers: a journal of applied economics and policy,Wiley-Blackwell Publishing,,1759-3441,3801,1941,B
Economic Policy / Ekonomicheskaya Politika,ANO Editorial Office of the Journal Economic Policy,1994-5124,2411-2658,3801,2013,C
Economic Policy: a European forum,Oxford University Press,0266-4658,1468-0327,3801,1985,A
Economic Quarter / Trimestre Economico,Fondo de Cultura Economica (Economic Culture Fund),0041-3011,2448-718X,3801,1934,B
Economic Review / Revue Economique,Presses de Sciences Po,0035-2764,1950-6694,3801,1950,B
Economic Studies / Estudios de Economia,Andros,0304-2758,0718-5286,3801,1973,C
Economic Studies Journal,Economic Research Institute at BAS,0205-3292,,3801,1998,C
Economic Systems,Elsevier Science,0939-3625,1878-5433,3899,1991,B
Economic Systems Research,Taylor & Francis Online,0953-5314,1469-5758,3899,1989,B
Economic Theory,Springer International Publishing,0938-2259,1432-0479,3803,1991,A*
Economic Theory Bulletin,Springer International Publishing,2196-1085,2196-1093,3803,2014,B
Economic Thought Journal,American Economic Association,0205-1990,,3899,1996,C
Economica,Wiley-Blackwell Publishing,0013-0427,1468-0335,3801,1921,A
Economics & Politics,Wiley-Blackwell Publishing,0954-1985,1468-0343,3801,1989,A
Economics and Applied Informatics,Galati University Press,1584-0409,2344-441X,3899,2003,C
Economics and Business Review,Poznan University of Economics Press,2392-1641,2450-0097,3801,2001,C
Economics and Finance in Indonesia,Institute for Economic and Social Research,0126-155X,2442-9260,3801,1953,C
Economics and Human Biology,Elsevier,1570-677X,1873-6130,3801,2003,A
Economics and Philosophy,Cambridge University Press,0266-2671,1474-0028,3801,1985,A
Economics and Policy of Energy and the Environment,Franco Angeli Edizioni,2280-7659,2280-7667,3899,1978,C
Economics Bulletin,Vanderbilt University,1545-2921,,3801,2001,C
Economics Letters,Elsevier,0165-1765,1873-7374,3801,1978,A
Economics of Disasters and Climate Change,Springer Nature,2511-1280,2511-1299,3801,,C
Economics of Education Review,Elsevier,0272-7757,1873-7382,3801,1981,A
Economics of Energy & Environmental Policy,International Association for Energy Economics,2160-5882,2160-5890,3801,2012,B
Economics of Governance,Springer International Publishing,1435-6104,1435-8131,3801,2000,B
Economics of Innovation and New Technology,Taylor & Francis Online,1043-8599,1476-8364,3801,1990,B
Economics of Transition and Institutional Change,Wiley-Blackwell Publishing,2577-6975,2577-6983,3801,1993,A
Economics of Transportation,Elsevier,2212-0122,,3509,2012,B
"Economics, Management, and Financial Markets",Addleton Academic Publishers,1842-3191,1938-212X,3801,2006,C
"Economics: The Open Access, Open Assessment E-journal",Universitaet Kiel,1864-6042,,3801,2007,B
Economies,MDPI,,2227-7099,3801,2013,C
Economists' Voice,De Gruyter,2194-6167,1553-3832,3801,2004,B
Economy and Society,Taylor & Francis Online,0308-5147,1469-5766,3801,1972,A
"EDPACS: The EDP Audit, Control, and Security Newsletter",Taylor & Francis Online,0736-6981,1936-1009,3501,1973,C
Education Economics,Taylor & Francis Online,0964-5292,1469-5782,3801,1993,B
Education Finance and Policy,MIT Press,1557-3060,1557-3079,3801,2006,A
Educational and Psychological Measurement,Sage Publications,0013-1644,1552-3888,3507,1941,A
Educational Management Administration & Leadership,Sage Publications,1741-1432,1741-1440,3505,1972,B
eJournal of Tax Research,Australian School of Taxation and Business Law,1448-2398,,4801,2003,A
Ekonomia,University of Cyprus,1025-5508,1013-3224,3803,,C
Electronic Commerce Research,Springer International Publishing,1389-5753,1572-9362,4609,2001,A
Electronic Commerce Research and Applications,Elsevier,1567-4223,1873-7846,4609,2002,B
Electronic Communication Law Review,Kluwer Law International,1570-2294,,4801,1994,C
Electronic Journal of Evolutionary Modeling and Economic Dynamics,Universite Montesquieu Bordeaux IV,1298-0137,,3899,2000,C
Electronic Journal of Information Systems in Developing Countries,Wiley-Blackwell Publishing,1681-4835,,4609,2000,B
Electronic Journal of Knowledge Management,Academic Conferences and Publishing International,1479-4411,,4609,2003,C
Electronic Journal of Probability,Institute of Mathematical Statistics,,1083-6489,4905,1996,A
Electronic Markets,Springer Nature,1019-6781,1422-8890,4609,1991,A
Emerging Markets Finance and Trade,Taylor & Francis Online,1540-496X,1558-0938,3502,2008,B
Emerging Markets Review,Elsevier,1566-0141,1873-6173,3502,2000,A
Empirica,Springer International Publishing,0340-8744,1573-6911,3801,1974,B
Empirical Economics,Springer International Publishing,0377-7332,1435-8921,3801,1976,A
Empirical Economics Letters,Dr. Mohammad A. Wadud,1681-8997,,3801,2002,C
Employee Relations,Emerald Group Publishing,0142-5455,1758-7069,3505,1979,A
Employee Relations Law Journal,"Aspen Publishers, Inc.",0098-8898,,4801,1975,B
Employee Responsibilities and Rights Journal,Springer International Publishing,0892-7545,1573-3378,3505,1988,C
Energy and Environment,Sage Publications,0958-305X,2048-4070,3599,1990,C
Energy Economics,Elsevier,0140-9883,1873-6181,3801,1979,A*
Energy Journal,Sage Publications,0195-6574,1944-9089,3801,1980,A
Energy Policy,Elsevier,0301-4215,1873-6777,3599,1973,A
Energy Research Letters,Asia-Pacific Applied Economics Association,2652-6514,2652-6433,3899,,C
"Energy Sources, Part B: Economics, Planning, and Policy",Taylor & Francis Online,1556-7249,1556-7257,3801,2006,C
Energy Studies Review,"DeGroote School of Business, McMaster University",0843-4379,,3899,1980,C
Engineering Economics,Kaunas University of Technology,1392-2785,2029-5839,3801,1989,B
Engineering Economist,Taylor & Francis Online,0013-791X,1547-2701,3801,1955,C
Engineering Management Journal,Taylor & Francis Online,1042-9247,2377-0643,3507,1989,B
"Engineering, Construction and Architectural Management",Emerald Group Publishing,0969-9988,1365-232X,3504,1994,A
Enometrica,University of Macarata,1974-4730,,3899,2008,C
Enterprise and Society,Cambridge University Press,1467-2227,1467-2235,3505,2000,A
Enterprise Development & Microfinance,Practical Action Publishing,1755-1978,1755-1986,3801,1990,C
Enterprise Governance eJournal,Bond Faculty of Law,2651-9615,,4801,2005,C
Enterprise Information Systems,Taylor & Francis Online,1751-7575,1751-7583,4609,2007,A
Entertainment Law Review,Sweet & Maxwell,0959-3799,,4801,1990,B
Entrepreneurial Business Law Journal,"Ohio State University, Moritz College of Law",1932-4480,1932-4472,4801,2006,C
Entrepreneurship and Regional Development,Taylor & Francis Online,0898-5626,1464-5114,3507,1989,A
Entrepreneurship Research Journal,Walter de Gruyter GmbH,2194-6175,2157-5665,3507,2011,B
Entrepreneurship Theory and Practice,Sage Publications,1042-2587,1540-6520,3507,1976,A*
Environment and Development Economics,Cambridge University Press,1355-770X,1469-4395,3801,1996,B
Environment and Planning A: Economy and Space,Sage Publications,0308-518X,1472-3409,3599,1968,A*
Environment and Planning B: Urban Analytics and City Science,Sage Publications,0265-8135,1472-3417,3599,1969,A*
Environment and Planning C: politics and space,Sage Publications,0263-774X,,3599,1983,B
Environment and Planning D: society and space,Sage Publications,0263-7758,1472-3433,3599,1983,A
Environment and Urbanization Asia,Sage Publications,0975-4253,0976-3546,3599,2009,C
Environmental and Ecological Statistics,Springer International Publishing,1352-8505,1573-3009,4905,1994,A
Environmental and Planning Law Journal,Thomson Reuters,0813-300X,,4801,1984,B
Environmental and Resource Economics,Springer International Publishing,0924-6460,1573-1502,3801,1991,A
Environmental Economics and Policy Studies,Springer International Publishing,1432-847X,1867-383X,3801,1998,B
Environmental Education Research,Taylor & Francis Online,1350-4622,1469-5871,3599,1995,A
Environmental Innovation and Societal Transitions,Elsevier,,2210-4224,3599,2011,A
Environmental Management,Springer International Publishing,0364-152X,1432-1009,3507,1977,C
Environmetrics,Wiley-Blackwell Publishing,1180-4009,1099-095X,4905,1990,B
EPH-International Journal of Business & Management Science,Southern Cross Academic Press,2208-2190,,3507,2015,C
"Equality, Diversity and Inclusion",Emerald Group Publishing,2040-7149,2040-7157,3505,1981,B
Erasmus Journal for Philosophy and Economics,Erasmus University,1876-9098,,3899,2008,C
Erasmus Law and Economics Review,Erasmus Law and Economics Students Society,1824-3886,,4801,2004,C
ESAIM: Probability and Statistics,EDP Sciences,1292-8100,1262-3318,4905,1997,C
Essays in Economic & Business History,The Economic and Business History Society,0896-226X,2376-9459,3801,1979,B
Estudos Economicos,Universidade de Sao Paulo,0101-4161,0101-4161,3801,1970,C
Ethics and Economics,University of Versailles,1639-1306,,3899,2003,C
Ethics and Information Technology,Springer International Publishing,1388-1957,1572-8439,4609,1999,B
"Ethics: an international journal of social, political, and legal philosophy",The University of Chicago Press,0014-1704,1539-297X,3507,1888,A
Eurasian Business Review,Springer International Publishing,1309-4297,2147-4281,3801,2011,B
Eurasian Economic Review,Springer International Publishing,1309-422X,2147-429X,3801,2011,C
Eurasian Geography and Economics,Taylor & Francis Online,1538-7216,1938-2863,3899,1960,B
Eurasian Journal of Business and Economics,Ala-Too International University,1694-5948,1694-5972,3501,2008,C
EURO Journal on Transportation and Logistics,Springer International Publishing,2192-4376,2192-4384,3509,2012,B
EuroChoices,Wiley-Blackwell Publishing,,1746-692X,3801,2001,C
EuroMed Journal of Business,Emerald Group Publishing,1450-2194,1758-888X,3507,2006,B
Europe-Asia Studies,Taylor & Francis Online,0966-8136,1465-3427,3599,1949,B
European Actuarial Journal,Springer International Publishing,2190-9733,2190-9741,3502,2011,B
European Business Law Review,Kluwer Law International,0959-6941,1875-841X,4801,1988,C
European Business Organization Law Review,Springer Nature,1566-7529,1741-6205,4801,2000,B
European Business Review,Emerald Group Publishing,0955-534X,1758-7107,3507,1989,B
European Company Law,Kluwer Law International,1572-4999,1875-6530,4801,2002,C
European Competition Journal,Taylor & Francis Online,1744-1056,1757-8396,4801,2005,C
European Competition Law Review,Sweet & Maxwell,0144-3054,,4801,1980,A
European Economic Review,Elsevier,0014-2921,1873-572X,3801,1969,A*
European Financial Management,Wiley-Blackwell Publishing,1354-7798,1468-036X,3502,1995,A
European Intellectual Property Review,Sweet & Maxwell,0142-0461,1749-5083,4801,1978,A
European Journal of Communication,Sage Publications,0267-3231,1460-3705,3599,1986,B
European Journal of Comparative Economics,European Association for Comparative Economics Systems / LIUC University Press,1824-2979,,3899,2004,B
European Journal of Development Research,Springer International Publishing,0957-8811,1743-9728,3801,1989,B
European Journal of Economics and Economic Policies: Intervention,Edward Elgar Publishing,2052-7764,2052-7772,3801,2004,C
European Journal of Government and Economics,Europa Grande,2254-7088,,3899,2012,C
European Journal of Health Economics,Springer International Publishing,1618-7598,1618-7601,3801,2002,A
European Journal of Industrial Relations,Sage Publications,0959-6801,1461-7129,3505,1995,A
European Journal of Information Systems,Taylor & Francis Online,0960-085X,1476-9344,4609,1991,A*
European Journal of Innovation Management,Emerald Group Publishing,1460-1060,1758-7115,3507,1998,C
European Journal of International Law,Oxford University Press,0938-5428,1464-3596,4801,1990,A
European Journal of International Management,Inderscience,1751-6757,1751-6765,3507,2007,C
European Journal of International Relations,Sage Publications,1354-0661,1460-3713,3599,1995,A
European Journal of Law and Economics,Springer International Publishing,0929-1261,1572-9990,4801,1994,C
European Journal of Management and Business Economics,Emerald Group Publishing,2444-8451,2444-8494,3507,1992,B
European Journal of Management Studies,Emerald Group Publishing,2183-4172,2635-2648,3507,1993,C
European Journal of Marketing,Emerald Group Publishing,0309-0566,1758-7123,3506,1967,A*
European Journal of Operational Research,Elsevier,0377-2217,1872-6860,3507,1977,A*
European Journal of Personality,Sage Publications,0890-2070,1099-0984,3507,1987,A
European Journal of Political Economy,Elsevier,0176-2680,1873-5703,3801,1985,A
European Journal of Political Research,Wiley-Blackwell Publishing,0304-4130,1475-6765,3599,1973,A
European Journal of Population,Springer International Publishing,0168-6577,1572-9885,3599,1985,B
European Journal of Psychological Assessment,Hogrefe Publishing Corp,1015-5759,2151-2426,3507,1985,B
European Journal of Public Health,Oxford University Press,1101-1262,1464-360X,3599,1991,B
European Journal of Social Psychology,Wiley-Blackwell Publishing,0046-2772,1099-0992,3507,1971,A
European Journal of the History of Economic Thought,Taylor & Francis Online,0967-2567,1469-5936,3803,1993,B
European Journal of Tourism Research,Varna University of Management,1994-7658,1314-0817,3508,,C
European Journal of Training and Development,Emerald Group Publishing,2046-9012,,3505,1977,C
European Journal of Transport and Infrastructure Research,Delft University of Technology,1567-7133,1567-7141,3509,2000,B
European Journal of Work and Organizational Psychology,Taylor & Francis Online,1359-432X,1464-0643,3507,1991,A
European Law Journal,Wiley-Blackwell Publishing,1351-5993,1468-0386,4801,1995,B
European Law Review,Sweet & Maxwell,0307-5400,,4801,1975,A
European Management Journal,Elsevier,0263-2373,1873-5681,3507,1982,A
European Management Review,Wiley-Blackwell Publishing,1740-4754,1740-4762,3507,2004,B
European Research on Management and Business Economics,European Academy of Management and Business Economics (AEDEM) - Elsevier,2444-8834,2444-8842,3599,,A
European Review of Agricultural Economics,Oxford University Press,0165-1587,1464-3618,3801,1973,A
European Review of Economic History,Oxford University Press,1361-4916,1474-0044,3801,1997,A
European Sport Management Quarterly,Taylor & Francis Online,1618-4742,1746-031X,3504,2001,A
European Taxation,International Bureau of Fiscal Documentation,0014-3138,,4801,1961,B
European Transport / Trasporti Europei,Giordano Editore,1825-3997,2283-5520,3509,1995,C
European Transport Law,Wijfells,0014-3154,,4801,1966,C
European Urban and Regional Studies,Sage Publications,0969-7764,1461-7145,3599,1994,A
Evaluation,Sage Publications,1356-3890,1461-7153,3507,1995,B
Evaluation Review,Sage Publications,0193-841X,1552-3926,3599,1977,A
Event Management,Cognizant Communication Corporation,1525-9951,1943-4308,3508,1993,A
Evidence-based HRM (EBHRM): A Global Forum for Empirical Scholarship,Emerald Group Publishing,2049-3983,2049-3991,3505,2013,B
Experimental Economics,Springer International Publishing,1386-4157,1573-6938,3801,1998,A*
Expert Review of Pharmacoeconomics & Outcomes Research,Taylor & Francis Online,1473-7167,1744-8379,3801,2001,C
Explorations in Economic History,Elsevier,0014-4983,1090-2457,3801,1963,A
Facilities,Emerald Group Publishing,0263-2772,1758-7131,3504,1983,B
Facta Universitatas: Economics and Organization,University of Nis,0354-4699,2406-050X,3501,1993,C
Faith and Economics,American Theological Libraries Association,0896-307X,,3899,,B
Family Business Review,Sage Publications,0894-4865,1741-6248,3507,1988,A
Farm and Business - The Journal of the Caribbean Agro-Economic Society,Caribbean Agro-Economic Society,1019-035X,,3899,1992,C
Federal Law Review,Australian National University,0067-205X,,4801,1964,A*
Feminist Economics,Taylor & Francis Online,1354-5701,1466-4372,3801,1995,A
FIIB Business Review,Sage Publications,2319-7145‎,2455-2658,3507,2014,B
Finance,Association Francaise de Finance,0752-6180,,3502,1980,C
Finance and Stochastics,Springer International Publishing,0949-2984,1432-1122,3502,1996,A
Finance India,Indian Institute of Finance,0970-3772,,3502,1987,C
Finance Research Letters,Elsevier,1544-6123,1544-6131,3502,2004,A
Financial Accountability and Management,Wiley-Blackwell Publishing,0267-4424,1468-0408,3501,1985,A
Financial Analysts Journal,Taylor & Francis Online,0015-198X,1938-3312,3502,1945,A
Financial History Review,Cambridge University Press,0968-5650,1474-0052,3502,1994,B
Financial Innovation,Springer Nature,,2199-4730,3502,2015,B
Financial Management,Wiley-Blackwell Publishing,0046-3892,1755-053X,3502,1972,A*
Financial Markets and Portfolio Management,Springer International Publishing,1934-4554,2373-8529,3502,1987,B
"Financial Markets, Institutions and Instruments",Wiley-Blackwell Publishing,0963-8008,1468-0416,3502,1992,A
Financial Planning Research Journal,"Financial Advice Association of Australia, in partnership with Paradigm Publishing Services",2206-1355,,3502,2015,C
Financial Planning Review,Wiley,,2573-8615,3502,2018,B
Financial Reporting,Franco Angeli,2036-671X,2036-6779,3501,2011,C
Financial Review (US),Wiley-Blackwell Publishing,0732-8516,1540-6288,3502,1969,A
Financial Services Newsletter,LexisNexis,1035-2155,1447-137X,4801,1985,C
Financial Services Review,Academy of Financial Services - Elsevier,1057-0810,1873-5673,3502,1992,B
Financijska Teorija i Praksa,Institute of Public Finance,1332-3970,1333-9354,3801,1977,C
Finnish Economic Papers,Finnish Economic Association,0784-5197,1798-7423,3801,1988,B
First Monday,University of Illinois Press,1396-0466,,4609,1996,C
Fiscal Studies,Wiley-Blackwell Publishing,0143-5671,1475-5890,3801,1979,B
Flexible Services and Manufacturing Journal,Springer International Publishing,1936-6582,1936-6590,3507,1988,C
Food Policy,Elsevier,0306-9192,1873-5657,3801,1975,B
Food Quality and Preference,Elsevier,0950-3293,,3506,1988,A
Fordham Journal of Corporate & Financial Law,Fordham Law School,1532-303X,,4801,1996,B
Foreign Affairs,Council on Foreign Relations,0015-7120,1665-1707,3599,1910,C
Foreign Policy (Washington),"National Affairs, Inc.",0015-7228,1945-2276,3599,1971,C
Foreign Trade Review,Sage Journals,0015-7325,0971-7625,3801,1966,B
Foresight,Emerald,1463-6689,1465-9832,3599,1999,C
Forest Policy and Economics,Elsevier,1389-9341,1872-7050,3801,2000,B
Forum for Health Economics and Policy,De Gruyter,2194-6191,1558-9544,3899,1998,C
Forum for Social Economics,Taylor & Francis Online,0736-0932,1874-6381,3801,1975,C
Forum of International Development Studies,Nagoya University,1341-3732,,3899,1994,B
Foundations and Trends in Accounting,Now Publishers,1554-0642,1554-0650,3501,2006,A
Foundations and Trends in Econometrics,Now Publishers,1551-3076,1551-3084,3802,2005,C
Foundations and Trends in Finance,Now Publishers,1567-2395,1567-2409,3502,2005,B
Foundations and Trends in Microeconomics,Now Publishers,1547-9846,1547-9854,3801,2005,C
Frontiers in Finance and Economics,PHI,1814-2044,,3502,2004,C
Frontiers of Economics in China,Higher Education Press,1673-3444,1673-3568,3801,2006,C
Futures,Elsevier,0016-3287,1873-6378,3507,1968,B
Fuzzy Economic Review,International Association for Fuzzy-Set Management and Economy,1136-0593,2445-4192‎,3801,1995,C
Gadjah Mada International Journal of Business,"Master in Management Program, Faculty of Economics and Business, Universitas Gadjah Mada",1411-1128,2338-7238,3507,1999,C
Games,MDPI,2073-4336,,3803,2010,B
Games and Economic Behavior,Elsevier,0899-8256,1090-2473,3803,1989,A*
Gender and Society,Sage Publications,0891-2432,1552-3977,3507,1987,A*
Gender in Management: an international journal,Emerald Group Publishing,1754-2413,1754-2421,3505,1985,B
"Gender, Work and Organization",Wiley-Blackwell Publishing,0968-6673,1468-0432,3505,1994,A
German Economic Review,Wiley-Blackwell Publishing,1465-6485,1468-0475,3801,2000,B
German Journal of Agricultural Economics,dfv Mediengruppe,0002-1121,,3899,1952,C
German Journal of Human Resource Management,Sage Publications,2397-0022,2397-0030,3505,1987,B
Global Business and Economics Review,Inderscience Enterprises Ltd.,1097-4954,1745-1329,3801,1999,C
Global Business and Organizational Excellence,Wiley-Blackwell Publishing,1932-2054‎,1932-2062‎,3507,1981,C
Global Business Review,Sage Publications,0972-1509,0973-0664,3507,2000,B
Global Economic Review,Taylor & Francis Online,1226-508X,1744-3873,3801,1973,C
Global Economy Journal,De Gruyter,2194-5659,1553-5304,3801,2000,B
Global Environmental Change,Elsevier,0959-3780,1872-9495,3599,1990,A*
Global Environmental Politics,MIT Press,1526-3800,1536-0091,3599,2001,B
Global Finance Journal,Elsevier,1044-0283,1873-5665,3502,1989,A
Global Journal of Accounting and Finance,Institute for Global Business Research,2574-0474,2574-0482,3501,2017,C
Global Journal of Flexible Systems Management,Springer Nature,0972-2696,0974-0198,3507,2000,A
"Global Knowledge, Memory and Communication",Emerald Group Publishing,2514-9342,2514-9350,4609,2018,B
Global Networks: A Journal of Transnational Affairs,Wiley-Blackwell Publishing,1470-2266,1471-0374,3599,2001,A
Global Social Policy,Sage Publications,1468-0181,1741-2803,3599,2001,C
Global Strategy Journal,Wiley-Blackwell Publishing,2042-5791,2042-5805,3507,,A
Gospodarka Narodowa,"Instytut Gospodarki Narodowej, Warsaw",0867-0005,2300-5238,3801,1946,C
Government Information Quarterly,Elsevier,0740-624X,1872-9517,4609,1984,A
Griffith Law Review,Griffith University,1038-3441,1839-4205,4801,1992,C
Group & Organization Management,Sage Publications,1059-6011,1552-3993,3507,1976,A
Group Decision and Negotiation,Springer International Publishing,0926-2644,1572-9907,4609,1992,A
"Group Dynamics: theory, research and practice",American Psychological Association,1089-2699,1930-7802,3599,1997,B
Group Processes and Intergroup Relations,Sage Publications,1368-4302,1461-7188,3507,1998,B
Growth and Change,Wiley-Blackwell Publishing,0017-4815,1468-2257,3801,1970,B
Habitat International,Elsevier,0197-3975,1873-5428,3504,1976,A
Harvard Business Review,Harvard Business Publishing,0017-8012,,3507,1922,A
Harvard Environmental Law Review,Harvard Environmental Law Review,0147-8257,,4801,1976,A
Harvard International Law Journal,Harvard University Press,0017-8063,2153-2494,4801,1960,A
Harvard Journal of Law and Public Policy,Harvard Society for Law and Public Policy,0193-4872,2374-6572,4801,1978,A
Harvard Journal of Law and Technology,Harvard University Press,0897-3393,2153-263X,4801,1988,A
Harvard Law Review,Harvard University Press,0017-811X,2161-976X,4801,1886,A*
Hastings Business Law Journal,University of California Press,1554-849X,1554-8503,4801,2005,B
Health Care Management Review,Lippincott Williams & Wilkins,0361-6274,1550-5030,3507,1976,A
Health Care Management Science,Springer International Publishing,1386-9620,1572-9389,3507,1998,B
Health Communication,Taylor & Francis Online,1041-0236,1532-7027,3599,1989,B
Health Economics,Wiley-Blackwell Publishing,1057-9230,1099-1050,3801,1992,A*
Health Economics Review,Springer International Publishing,,2191-1991,3801,2011,C
"Health Economics, Policy and Law",Cambridge University Press,1744-1331,1744-134X,3801,2006,B
Health Informatics Journal,Sage Publications,1460-4582,1741-2811,4609,1995,C
Health Marketing Quarterly,Taylor & Francis Online,0735-9683,1545-0864,3506,1983,B
Health Policy,Elsevier,0168-8510,1872-6054,3801,1984,A
Health Promotion International,Oxford University Press,0957-4824,1460-2245,3506,1986,A
Health Services Management Research,Sage Publications,0951-4848,1758-1044,3599,1988,C
Health Services Research,Wiley-Blackwell Publishing,0017-9124,1475-6773,3599,1966,A
Health Systems,Taylor & Francis,2047-6965,2047-6973,3509,2012,C
Higher Education Quarterly,Wiley-Blackwell Publishing,0951-5224,1468-2273,3505,1947,C
"Higher Education, Skills and Work-based Learning",Emerald Group Publishing,2042-3896,2042-390X,3505,2010,C
Historical Materialism,Brill,1465-4466,1569-206X,3803,1997,C
Historical Studies in Industrial Relations,Liverpool University Press,1362-1572,2049-4459,3505,1996,C
History of Economic Ideas,Fabrizio Serra Editore,1122-8792,1724-2169,3899,1993,B
History of Economic Thought and Policy,Franco Angeli Edizioni,2240-9971,2280-188X,3899,2004,C
History of Economics Review,Taylor & Francis Online,1037-0196,1838-6318,3803,1981,B
History of Political Economy,Duke University Press,0018-2702,1527-1919,3803,1969,A
Hitotsubashi Journal of Economics,Sanseido Publishing Company Ltd,0018-280X,,3801,1960,B
Homo Oeconomicus,Springer International Publishing,0943-0180,2366-6161,3801,1983,C
Hong Kong Law Journal,Thomson Reuters,0378-0600,,4801,1971,A
Hospitality & Society,Intellect Publishing,2042-7913,2042-7921,3504,2011,C
Housing Policy Debate,Taylor & Francis Online,1051-1482,2152-050X,3801,1990,B
Housing Studies,Taylor & Francis Online,0267-3037,1466-1810,3504,1986,A
Houston Business and Tax Law Journal,University of Houston Law Center,1543-2602,,4801,2001,C
Human Performance,Taylor & Francis Online,0895-9285,1532-7043,3507,1988,A
Human Relations,Sage Publications,0018-7267,1741-282X,3507,1947,A*
Human Resource Development International,Taylor & Francis Online,1367-8868,1469-8374,3505,1998,B
Human Resource Development Quarterly,Wiley-Blackwell Publishing,1044-8004,1532-1096,3505,1990,A
Human Resource Development Review,Sage Publications,1534-4843,1552-6712,3505,2002,B
Human Resource Management (US),Wiley-Blackwell Publishing,0090-4848,1099-050X,3505,1961,A*
Human Resource Management International Digest,Emerald Group Publishing,0967-0734,1758-7166,3505,1993,C
Human Resource Management Journal (UK),Wiley-Blackwell Publishing,0954-5395,1748-8583,3505,1990,A*
Human Resource Management Review,Elsevier,1053-4822,1873-7889,3505,1991,A
Human Systems Management,Sage Publications,0167-2533,1875-8703,3505,1980,C
Human-Computer Interaction,Taylor & Francis Online,0737-0024,1532-7051,4609,1985,A
IATSS Research,Elsevier,0386-1112,2210-4240,3509,1977,C
ICSID Review: foreign investment law journal,Oxford University Press,2049-1999,0258-3690,4801,1986,C
IEEE Transactions on Engineering Management,Institute of Electrical and Electronics Engineers,1558-0040,0018-9391,3503,1963,A
IEEE Transactions on Intelligent Transportation Systems,Institute of Electrical and Electronics Engineers,1524-9050,1558-0016,3509,2000,A
IEEE Transactions on Professional Communication,Institute of Electrical and Electronics Engineers,0361-1434,1558-1500,4609,1972,B
IIC International Review of Intellectual Property and Competition Law,Springer International Publishing,0018-9855,2195-0237,4801,1970,A
IIM Kozhikode Society and Management Review,Sage Publications,2321-029X,2277-9752,3507,2012,C
IIMB Management Review,Elsevier,0970-3896,2212-4446,3507,1986,C
IISE Transactions,Taylor & Francis Online,0740-817X,1545-8830,3503,1969,A
ILR Review (Industrial and Labor Relations Review),Sage Publications,0019-7939,2162-271X,3505,1947,A*
IMA Educational Case Journal,"Institute of Management Accountants, Inc.",1940-204X,,3501,2008,C
IMF Economic Review,Palgrave Macmillan,2041-4161,2041-417X‎,3801,2011,A
Impact Assessment and Project Appraisal,Taylor & Francis Online,1461-5517,1471-5465,3507,1998,C
Indian Economic Journal,Sage Publications,0019-4662,,3801,1953,B
Indian Economic Review,"University of Delhi, School of Economics",0019-4670,2520-1778,3801,1952,C
Indian Growth and Development Review,Emerald Group Publishing,1753-8254,1753-8262,3801,2008,B
Indian Journal of Corporate Governance,Sage Publications,0974-6862,,3501,2014,C
Indian Journal of Economics,"Department of Economics, University of Allahabad",0019-5170,,3801,1916,C
Indian Journal of Gender Studies,Sage Publications,0971-5215,0973-0672,3599,1994,C
Indian Journal of Industrial Relations,Shri Ram Centre for IR & HR,0019-5286,0019-5286,3505,1964,C
Indian Journal of Labour Economics,Springer International Publishing,0971-7927,0019-5308,3801,1958,C
Indian Journal of Marketing,Associated Management Consultants Private Limited,0973-8703,,3506,1968,C
Indonesian Journal of Sustainability Accounting and Management,Universitas Pasundan,2597-6214,2597-6222,3501,2017,C
Indonesian Management and Accounting Research,Trisakti University,1411-8858,2442-9724,3501,2006,C
Industrial and Corporate Change,Oxford University Press,0960-6491,1464-3650,3507,1992,A
Industrial and Organizational Psychology: perspectives on science & practice,Cambridge University Press,1754-9426,1754-9434,3507,2008,B
Industrial Law Journal,Oxford University Press,0305-9332,1464-3669,4801,1972,A
Industrial Management & Data Systems,Emerald Group Publishing,0263-5577,1758-5783,4609,1980,A
Industrial Marketing Management,Elsevier,0019-8501,1873-2062,3506,1971,A*
Industrial Relations Journal,Wiley-Blackwell Publishing,0019-8692,1468-2338,3505,1970,A
Industrial Relations: a journal of economy and society,Wiley-Blackwell Publishing,0019-8676,1468-232X,3505,1961,A*
Industry and Higher Education,Sage Publications,0950-4222,2043-6858,3507,1987,C
Industry and Innovation,Taylor & Francis Online,1366-2716,1469-8390,3507,1993,A
INFOR (INFOR: Information Systems and Operational Research),Taylor & Francis Online,0315-5986,1916-0615,3507,1963,B
Informatics for Health and Social Care,Taylor & Francis Online,1753-8157,1753-8165,4609,1976,C
Information & Management,Elsevier,0378-7206,1872-7530,4609,1977,A*
Information and Communications Technology Law,Taylor & Francis Online,1360-0834,1469-8404,4609,1992,B
Information and Computation,Elsevier,0890-5401,1090-2651,4609,1957,B
Information and Computer Security,Emerald Group Publishing,2056-4961,,4609,1992,B
Information and Organization,Elsevier,1471-7727,1873-7919,4609,1990,A*
Information Discovery and Delivery,Emerald Group Publishing,2398-6247,2398-6255,4609,1973,C
Information Economics and Policy,Elsevier,0167-6245,1873-5975,3801,1983,A
Information Polity,Sage Publications,1570-1255,1875-8754,4609,1996,B
Information Resources Management Journal,IGI Global,1040-1628,1533-7979,4609,1988,C
Information Systems and e-Business Management,Springer International Publishing,1617-9846,1617-9854,4609,2003,B
Information Systems Frontiers,Springer International Publishing,1387-3326,1572-9419,4609,1999,A
Information Systems Journal,Wiley-Blackwell Publishing,1350-1917,1365-2575,4609,1991,A*
Information Systems Management,Taylor & Francis Online,1058-0530,1934-8703,4609,1984,A
Information Systems Research,The Institute for Operations Research and the Management Sciences (INFORMS),1047-7047,1526-5536,4609,1990,A*
Information Technology & People,Emerald Group Publishing,0959-3845,1758-5813,4609,1982,A
Information Technology & Tourism,Springer International Publishing,1098-3058,1943-4294,3508,1998,A
Information Technology and Management,Springer International Publishing,1385-951X,1573-7667,4609,2000,B
Information Technology for Development,Association for Information Systems (AIS),0268-1102,1554-0170,4609,1986,A
"Information, Communication & Society",Taylor & Francis Online,1369-118X,1468-4462,4609,1998,A
INFORMS Journal on Applied Analytics,The Institute for Operations Research and the Management Sciences (INFORMS),0092-2102,1526-551X,4609,1971,B
INFORMS Journal on Computing,The Institute for Operations Research and the Management Sciences (INFORMS),1091-9856,1526-5528,3507,1989,A
INFORMS Transactions on Education,Institute for Operations Research and the Management Sciences,,1532-0545,3507,2000,C
Innovation and Green Development,Elsevier Ltd,,2949-7531,3507,2022,B
Innovation Policy and the Economy,The University of Chicago Press,1531-3468,1537-2618,3801,2001,B
Innovation: Organization & Management,Taylor & Francis Online,1447-9338,2204-0226,3507,1998,B
Innovation: The European Journal of Social Sciences Research,Taylor & Francis Online,1351-1610,1469-8412,3599,1988,B
Insolvency Law Bulletin,LexisNexis,1443-9662,,4801,2008,C
Insolvency Law Journal,Thomson Reuters,1039-3293,,4801,1993,A
Insurance and Reinsurance Law Briefing,Sweet & Maxwell,1743-4009,,4801,1996,C
Insurance Law Journal,LexisNexis,1030-2379,,4801,1988,A
Insurance: Mathematics & Economics,Elsevier,0167-6687,1873-5959,3502,1982,A*
Intellectual Property and Technology Law Journal,University of San Francisco,1554-9607,,4801,1996,C
Intellectual Property Journal,HAB Press Limited,0824-7064,,4801,1984,A
Intellectual Property Quarterly,Sweet & Maxwell,1364-906X,,4801,1997,C
"Intelligent Systems in Accounting, Finance and Management: An International Journal",Wiley-Blackwell Publishing,1055-615X,1099-1174,3501,1996,B
Interacting with Computers,Oxford University Press,0953-5438,1873-7951,4609,1989,B
Interdisciplinary Environmental Review,Inderscience Enterprises Ltd.,1521-0227,2042-6992,3599,1999,C
Interdisciplinary Journal of Management Studies,University of Tehran Press,,2981-0795,3507,2007,C
Intereconomics: review of European economic policy,Springer International Publishing,0020-5346,1613-964X,3801,1966,C
International & Comparative Law Quarterly,Cambridge University Press,0020-5893,1471-6895,4801,1952,A*
International Advances in Economic Research,Springer International Publishing,1083-0898,1573-966X,3801,1995,C
International Affairs,Oxford University Press,0020-5850,1468-2346,3599,1922,A
International Business Lawyer,Section on Business Law of the International Bar Association,0309-7676,,4801,1973,C
International Business Review,Elsevier,0969-5931,1873-6149,3507,1992,A
International Company and Commercial Law Review,Sweet & Maxwell,0958-5214,,4801,1990,B
International Data Privacy Law,Oxford University Press,2044-4001,2044-3994,4801,2011,C
International Development Planning Review,Liverpool University Press,1474-6743,1478-3401,3801,1979,B
International Economic Journal,Taylor & Francis Online,1016-8737,1743-517X,3801,1987,C
International Economic Review,Wiley-Blackwell Publishing,0020-6598,1468-2354,3801,1960,A*
International Economics and Economic Policy,Springer International Publishing,1612-4804,1612-4812,3801,2004,B
International Entrepreneurship and Management Journal,Springer International Publishing,1554-7191,1555-1938,3507,2005,B
"International Environmental Agreements: Politics, Law and Economics",Springer International Publishing,1567-9764,1573-1553,3801,2001,A
International Finance,Wiley-Blackwell Publishing,1367-0271,1468-2362,3502,1998,B
International Gambling Studies,Taylor & Francis Online,1445-9795,1479-4276,3504,2001,B
International Game Theory Review,World Scientific Publishing,0219-1989,1793-6675,3803,1999,B
International Hospitality Review,Emerald Group Publishing,,0739-7011,3504,1984,C
International Insolvency Review,Wiley-Blackwell Publishing,1180-0518,1099-1107,4801,1990,B
International Journal of Accounting & Finance Review,American Accounting & Finance Society,2576-1285,2576-1293,3501,,C
International Journal of Accounting and Business Finance,"Faculty of Management Studies & Commerce, University of Jaffna, Sri Lanka",2448-9867,2448-9875,3501,2018,C
International Journal of Accounting and Finance,Inderscience Enterprises Ltd.,1752-8224,1752-8232,3501,2008,C
International Journal of Accounting and Information Management,Emerald Group Publishing Ltd,1834-7649,1758-9037,3501,1992,B
International Journal of Accounting Information Systems,Elsevier,1467-0895,1873-4723,3501,2000,A
"International Journal of Accounting, Auditing and Performance Evaluation",Inderscience Enterprises Ltd.,1740-8008,1740-8016,3501,2004,C
"International Journal of Accounting, Business and Finance","Indian Accounting Association, Patna Branch",,2583-2123,3501,,C
International Journal of Advertising,Taylor & Francis Online,0265-0487,1759-3948,3506,1982,A
"International Journal of Agricultural Resources, Governance and Ecology",Inderscience Enterprises Ltd,1462-4605,1741-5004,3599,2000,C
International Journal of Applied Economic Sciences & Applied Research,Eastern Macedonia and Thrace Institute of Tech,1791-5120,1791-3373,3801,2008,C
International Journal of Applied Economics,Institute of International Economic Studies,,1548-0003,3801,2004,C
International Journal of Applied Economics and Econometrics,Springer Nature,1530-7247,,3802,1991,C
International Journal of Applied Management and Technology,Walden University School of Management,1544-4740,,3507,2003,C
International Journal of Arts Management,Management International,1480-8986,1480-8986,3504,1966,B
International Journal of Asian Studies,Cambridge University Press,1479-5914,1479-5922,3599,2003,B
International Journal of Auditing,Wiley-Blackwell Publishing,1090-6738,1099-1123,3501,1997,A
International Journal of Automation Technology,Fuji Technology Press,1881-7629,1883-8022,3509,2007,C
International Journal of Automotive Technology,Springer International Publishing,1229-9138,1976-3832,3509,2000,B
International Journal of Bank Marketing,Emerald Group Publishing,0265-2323,1758-5937,3506,1983,A
"International Journal of Banking, Accounting and Finance",Inderscience Publishers,1755-3830,1755-3849,3502,2008,C
International Journal of Behavioural Accounting and Finance,Inderscience Publishers,1753-1969,1753-1977,3501,2008,C
International Journal of Bonds and Derivatives,Inderscience Enterprises Ltd,2050-2281,2050-229X,3502,2014,C
International Journal of Business,Premier Publishing,1083-4346,1083-4346,3507,1992,C
International Journal of Business and Economics,Feng Chia University,1607-0704,,3801,2002,B
International Journal of Business and Management (IJBM),International Emerging Scholars Society,,2815-9330,3507,2019,C
International Journal of Business and Society,Universiti Malaysia Sarawak,1511-6670,,3501,2000,C
International Journal of Business Communication,Sage Publications,2329-4884,2329-4892,3507,1963,C
International Journal of Business Information Systems,Inderscience Enterprises Ltd.,1746-0972,1746-0980,4609,2005,C
International Journal of Business Intelligence Research (IJBIR),IGI Global,1947-3591,1947-3605,4609,2010,C
International Journal of Business Law,The University of Pennsylvania,2329-261X,,4801,2013,C
International Journal of Cases on Electronic Commerce,IGI Global,1548-0623,1548-0615,4609,2005,C
International Journal of Central Banking,Association of the International Journal of Central Banking,1815-4654,,3801,2005,A
International Journal of Computational Economics and Econometrics,Inderscience Enterprises Ltd.,1757-1170,1757-1189,3802,2009,C
International Journal of Conflict Management,Emerald Group Publishing,1044-4068,1758-8545,3505,1990,A
International Journal of Construction Management,Taylor & Francis,2331-2327,1562-3599,3504,2001,B
International Journal of Consumer Studies,Wiley-Blackwell Publishing,1470-6423,1470-6431,3506,1977,A
International Journal of Contemporary Hospitality Management,Emerald Group Publishing,0959-6119,1757-1049,3504,1989,A
International Journal of Corporate Governance,Inderscience Enterprises Ltd.,1754-3037,1754-3045,4801,2008,B
International Journal of Critical Accounting,Inderscience Enterprises Ltd.,1757-9848,1757-9856,3501,2009,C
International Journal of Cross Cultural Management,Sage Publications,1470-5958,1741-2838,3505,2001,B
International Journal of Cultural Policy,Taylor & Francis Online,1028-6632,1477-2833,3504,1994,A
International Journal of Data Warehousing and Mining,IGI Global,1548-3924,1548-3932,4609,2005,C
International Journal of Development and Conflict,Goa Institute of Management,2010-2690,2010-2704,3801,2011,B
International Journal of Development Issues,Emerald Group Publishing,1446-8956,1758-8553,3801,2002,C
International Journal of Disaster Risk Reduction,Elsevier,2212-4209,,3599,2012,A
International Journal of Disclosure and Governance,Palgrave Macmillan,1741-3591,1746-6539,3501,2003,B
International Journal of Economic Perspectives,International Economic Society,,1307-1637,3801,2007,C
International Journal of Economic Policy and Emerging Economies,Inderscience Enterprises Ltd.,1752-0452,1752-0460,3801,2007,C
International Journal of Economic Practices and Theories,Open Journal Systems,,2247-7225,3801,2011,C
International Journal of Economic Theory,Wiley-Blackwell Publishing,1742-7355,1742-7363,3803,2005,B
International Journal of Economics and Accounting,Inderscience Enterprises Ltd,2041-868X,2041-8698,3501,2010,C
International Journal of Economics and Business Research,Inderscience Enterprises Ltd.,1756-9850,1756-9869,3801,2009,C
International Journal of Economics and Financial Issues,Econ Journals,2146-4138,,3899,2011,C
International Journal of Education and Development using Information and Communication Technology,University of the West Indies,,1814-0556,4609,2005,C
International Journal of Educational Management,Emerald Group Publishing,0951-354X,1758-6518,3507,1987,B
International Journal of Electronic Banking,Inderscience Enterprises Ltd.,1753-5239,1753-5247,3502,2008,C
International Journal of Electronic Commerce,Taylor & Francis Online,1086-4415,1557-9301,4609,1996,A
International Journal of Electronic Customer Relationship Management,Inderscience Enterprises Ltd.,1750-0664,1750-0672,3506,2007,C
International Journal of Electronic Finance,Inderscience Enterprises Ltd.,1746-0069,1746-0077,3502,2006,C
International Journal of Electronic Government Research,IGI Global,1548-3886,1548-3894,4609,2005,C
International Journal of Electronic Marketing and Retailing,Inderscience Enterprises Ltd.,1741-1025,1741-1033,3506,2006,C
International Journal of Emergency Services,Emerald Group Publishing Ltd,2047-0908,2047-0894,3507,2012,C
International Journal of Emerging Markets,Emerald Group Publishing,1746-8809,1746-8817,3507,2006,B
International Journal of Employment Studies,International Employment Relations Association,1039-6993,,3505,1993,C
International Journal of Energy Economics and Policy,Econ Journals,2146-4553,,3899,2011,C
International Journal of Energy Sector Management,Emerald Group Publishing,1750-6220,1750-6239,3599,2007,C
International Journal of Enterprise Information Systems,IGI Global,1548-1115,1548-1123,4609,2005,C
International Journal of Enterprise Network Management,Inderscience Enterprises Ltd.,1748-1260,1748-1252,3506,2006,B
International Journal of Entrepreneurial Behaviour and Research,Emerald Group Publishing,1355-2554,1758-6534,3507,1995,A
International Journal of Entrepreneurship and Innovation,Sage Publications,1465-7503,2043-6882,3507,2000,C
International Journal of Environment and Pollution,Inderscience Enterprises Ltd.,0957-4352,1741-5101,3599,1991,C
International Journal of Ethics and Systems,Emerald Publishing,2514-9369,,3507,1984,C
International Journal of Event and Festival Management,Emerald Group Publishing Limited,1758-2954,1758-2962,3508,,B
International Journal of Finance & Economics,Wiley-Blackwell Publishing,1076-9307,1099-1158,3502,1996,B
International Journal of Financial Engineering,World Scientific,2424-7863,2424-7944,3502,2015,C
International Journal of Financial Markets and Derivatives,Inderscience Enterprises Ltd,1756-7130,1756-7149,3502,2009,C
International Journal of Financial Services Management,Inderscience Enterprises Ltd.,1460-6712,1741-8062,3502,2005,C
International Journal of Forecasting,Elsevier,0169-2070,1872-8200,3802,1985,A
International Journal of Game Theory,Springer International Publishing,0020-7276,1432-1270,3803,1971,A
International Journal of Gender and Entrepreneurship,Emerald Group Publishing,1756-6266,1756-6274,3507,2009,B
International Journal of General Systems,Taylor & Francis Online,0308-1079,1563-5104,3503,1974,A
International Journal of Global Business and Competitiveness,Springer International Publishing,0973-4619,0976-1888,3507,2005,C
International Journal of Global Energy Issues,Inderscience Enterprises Ltd.,0954-7118,1741-5128,3899,1989,C
International Journal of Government Auditing,International Journal of Government Auditing,0047-0724,,3501,1971,C
International Journal of Green Economics,Inderscience Enterprises Ltd.,1744-9928,1744-9936,3899,2006,C
International Journal of Health Care Quality Assurance,Emerald Group Publishing Limited,0952-6862,1758-6542,3599,1988,C
International Journal of Health Finance and Economics,Springer International Publishing,1389-6563,1573-6962,3801,2001,B
International Journal of Healthcare Information Systems and Informatics,IGI Global,1555-3396,1555-340X,4609,2006,C
International Journal of Healthcare Management,Taylor & Francis Online,2047-9700,2047-9719,3506,2007,C
International Journal of Heritage Studies,Taylor & Francis Online,1352-7258,1470-3610,3508,1994,B
International Journal of Home Economics,International Federation of Home Economics,1999-561X,,3899,2008,C
International Journal of Hospitality and Tourism Administration,Taylor & Francis Online,1525-6480,1525-6499,3508,2000,B
International Journal of Hospitality Management,Elsevier,0278-4319,1873-4693,3504,1982,A*
International Journal of Housing Markets and Analysis,Emerald Group Publishing,1753-8270,1753-8289,3504,2008,B
International Journal of Housing Policy,Taylor & Francis Online,1461-6718,1473-3269,3599,2001,B
International Journal of Human Resource Management,Taylor & Francis Online,0958-5192,1466-4399,3505,1990,A
International Journal of Human-Computer Interaction,Taylor & Francis Online,1044-7318,1532-7590,4609,1989,C
International Journal of Human-Computer Studies,Elsevier,1071-5819,1095-9300,4609,1955,B
International Journal of Industrial Organization,Elsevier,0167-7187,1873-7986,3801,1983,A*
International Journal of Information and Communication Technology Education,IGI Global,1550-1876,1550-1337,4609,2005,C
International Journal of Information and Learning Technology,Emerald Group Publishing,2056-4880,2056-4899,4609,1983,C
International Journal of Information Management,Elsevier,0268-4012,1873-4707,4609,1980,A
International Journal of Information Security and Privacy,IGI Global,1930-1650,1930-1669,4609,2007,C
International Journal of Information Systems and Change Management,Inderscience Enterprises Ltd.,1479-3121,1479-313X,4609,2006,C
International Journal of Information Systems and Supply Chain Management,IGI Global,1935-5726,1935-5734,4609,2008,C
International Journal of Information Technology and Decision Making,World Scientific,0219-6220,1793-6845,4609,2002,C
International Journal of Information Technology and Web Engineering,IGI Global,1554-1045,1554-1053,4609,2006,C
International Journal of Innovation Science,Emerald Publishing,1757-2223,1757-2231,3507,2009,B
International Journal of Innovation Studies,KeAI Publishing,2096-2487,2589-2975,3507,2017,B
International Journal of Intellectual Property Management,Inderscience Enterprises Ltd.,1478-9647,1478-9655,3801,2006,C
International Journal of Intelligent Information Technologies,IGI Global,1548-3657,1548-3665,4609,2005,C
International Journal of Intercultural Relations,Elsevier,0147-1767,1873-7552,3507,1977,B
International Journal of Internet and Enterprise Management,Inderscience Enterprises Ltd.,1476-1300,1741-5330,4609,2003,C
International Journal of Internet Marketing and Advertising,Inderscience Enterprises Ltd.,1477-5212,1741-8100,3506,2003,C
International Journal of Islamic and Middle Eastern Finance and Management,Emerald Group Publishing Limited,1753-8394,1753-8408,3502,2008,B
International Journal of Knowledge and Learning,Inderscience Enterprises Ltd,1741-1009,1741-1017,4609,2005,C
International Journal of Knowledge Management,IGI Global,1548-0666,1548-0658,4609,2005,B
International Journal of Knowledge Management Studies,Inderscience Enterprises Ltd.,1743-8268,1743-8276,4609,2006,C
"International Journal of Knowledge, Culture and Change Management",Common Ground Publishing Pty Ltd,1447-9524,1447-9575,3507,1993,C
International Journal of Law and Information Technology,Oxford University Press,0967-0769,1464-3693,4801,1993,A
International Journal of Law and Management,Emerald Group Publishing,1754-243X,1754-2448,3507,1966,C
International Journal of Lean Six Sigma,Emerald Group Publishing,2040-4166,,3507,2010,B
International Journal of Logistics Economics and Globalisation,Inderscience Enterprises Ltd.,1741-5373,1741-5381,3801,2007,C
International Journal of Logistics: research and applications,Taylor & Francis Online,1367-5567,1469-848X,3509,1998,B
International Journal of Management,International Journal of Management,0813-0183,0813-0183,3507,1984,C
International Journal of Management and Network Economics,Inderscience Enterprises Ltd.,1754-2316,1754-2324,3899,2008,C
International Journal of Management Reviews,Wiley-Blackwell Publishing,1460-8545,1468-2370,3507,1999,A*
International Journal of Management Science and Engineering Management,Taylor & Francis,1750-9653,1750-9661,3509,2006,C
International Journal of Managerial and Financial Accounting,Inderscience Enterprises Ltd.,1753-6715,1753-6723,3501,2008,B
International Journal of Managerial Finance,Emerald Group Publishing,1743-9132,1758-6569,3502,2005,A
International Journal of Managing Projects in Business,Emerald Group Publishing,1753-8378,1753-8386,3503,2008,C
International Journal of Manpower,Emerald Group Publishing,0143-7720,1758-6577,3505,1980,A
International Journal of Market Research,Sage Publications,1470-7853,2515-2173,3506,1959,A
International Journal of Monetary Economics and Finance,Inderscience Enterprises Ltd.,1752-0479,1752-0487,3801,2007,C
International Journal of Operations & Production Management,Emerald Group Publishing,0144-3577,1758-6593,3507,1980,A
International Journal of Operations and Quantitative Management,International Forum of Management Scholars,1082-1910,,3509,1997,C
International Journal of Organization Theory & Behavior,Emerald Publishing,1093-4537,1532-4273,3507,1998,C
International Journal of Organizational Analysis,Emerald Group Publishing,1934-8835,1758-8561,3507,1993,B
International Journal of Pharmaceutical and Healthcare Marketing,Emerald Group Publishing,1750-6123,1750-6131,3506,2007,C
International Journal of Physical Distribution & Logistics Management,Emerald Group Publishing,0960-0035,1758-664X,3509,1970,A
International Journal of Political Economy,Taylor & Francis Online,0891-1916,1558-0970,3899,1971,C
International Journal of Portfolio Analysis and Management,Inderscience Enterprises Ltd.,2048-2361,2048-237X,3502,2012,B
International Journal of Production Economics,Elsevier,0925-5273,1873-7579,3507,1976,A
International Journal of Production Research,Taylor & Francis Online,0020-7543,1366-588X,3507,1961,A
International Journal of Productivity and Performance Management,Emerald Group Publishing,1741-0401,1758-6658,3505,1952,B
International Journal of Project Management,Elsevier,0263-7863,1873-4634,3507,1983,A*
International Journal of Public Administration,Taylor & Francis Online,0190-0692,1532-4265,3507,1979,B
International Journal of Public Opinion Research,Oxford University Press,,1471-6909,3506,1989,A
International Journal of Public Sector Management,Emerald Group Publishing,0951-3558,1758-6666,3507,1988,B
International Journal of Quality & Reliability Management,Emerald Group Publishing,0265-671X,1758-6682,3507,1984,B
International Journal of Quality and Service Sciences,Emerald Group Publishing Limited,1756-669X,1756-6703,3506,2009,B
International Journal of Research in Marketing,Elsevier,0167-8116,1873-8001,3506,1984,A*
International Journal of Retail & Distribution Management,Emerald Group Publishing,0959-0552,1758-6690,3506,1973,A
International Journal of Revenue Management,Inderscience Enterprises Ltd.,1474-7332,1741-8186,3502,2007,C
International Journal of Risk Assessment and Management,Inderscience Enterprises Ltd,1466-8297,1741-5241,3502,2000,C
International Journal of Selection and Assessment,Wiley-Blackwell Publishing,0965-075X,1468-2389,3505,1993,A
International Journal of Small and Medium Enterprises,,2576-7712,2576-7720,3507,2018,C
International Journal of Social and Humanistic Computing,Inderscience Enterprises Ltd.,1752-6124,1752-6132,4609,2008,C
International Journal of Social Economics,Emerald Group Publishing,0306-8293,1758-6712,3899,1974,B
International Journal of Social Research Methodology,Taylor & Francis Online,1364-5579,1464-5300,3507,1998,B
International Journal of Sociology and Social Policy,Emerald Group Publishing,0144-333X,1758-6720,3507,1981,B
International Journal of Spa and Wellness,Taylor & Francis Online,2472-1735,2472-1743,3508,2018,C
International Journal of Sport Communication,"Human Kinetics Publishers, Inc.",1936-3915,1936-3907,3504,2008,B
International Journal of Sport Finance,Sage Publications,1558-6235,1930-076X,3504,2006,C
International Journal of Sport Management,"American Press, Boston",1546-234X,,3504,2000,B
International Journal of Sport Policy and Politics,Taylor & Francis Online,1940-6940,1940-6959,3504,2009,C
International Journal of Sport Psychology,"Edizioni Luigi Pozzi, Rome",0047-0767,,3504,1970,B
International Journal of Sports Management and Marketing,Inderscience Enterprises Ltd.,1475-8962,1740-2808,3506,2005,B
International Journal of Sports Marketing and Sponsorship,Emerald Group Publishing,1464-6668,2515-7841,3506,1999,B
International Journal of Stochastic Analysis,,2090-3332,2090-3340,4905,1987,B
International Journal of Strategic Communication,Taylor & Francis Online,1553-118X,1553-1198,3506,2007,B
International Journal of Strategic Property Management,Vilnius Gediminas Technical University,1648-715X,1648-9179,3504,1997,B
International Journal of Stress Management,American Psychological Association,1072-5245,1573-3424,3507,1994,A
International Journal of Sustainable Design,Inderscience Enterprises Ltd.,1743-8284,1743-8292,3506,2008,C
International Journal of Sustainable Economy,Inderscience Enterprises Ltd.,1756-5804,1756-5812,3801,2012,C
International Journal of Sustainable Transportation,Taylor & Francis Online,1556-8318,1556-8334,3509,2007,B
International Journal of Systems Science: Operations and Logistics,Taylor & Francis,2330-2674,2330-2682,3509,2014,C
International Journal of Technology and Human Interaction,IGI Global,1548-3908,1548-3916,4609,2005,C
International Journal of Technology Management,Inderscience Enterprises Ltd.,0267-5730,1741-5276,3503,1986,B
International Journal of Technology Management and Sustainable Development,Intellect,1474-2748,2040-0551,3506,2002,C
International Journal of Technology Marketing,Inderscience Enterprises Ltd.,1741-878X,1741-8798,3506,2005,C
"International Journal of Technology, Knowledge and Society",Common Ground Research Networks,1832-3669,,4609,2006,C
International Journal of the Economics of Business,Taylor & Francis Online,1357-1516,1466-1829,3899,1994,B
International Journal of Theoretical and Applied Finance,World Scientific Publishing,0219-0249,1793-6322,3502,1998,B
International Journal of Tourism Cities,Emerald Group Publishing,2056-5607,2056-5615,3508,2015,B
International Journal of Tourism Policy,Inderscience Enterprises Ltd.,1750-4090,1750-4104,3508,2007,C
International Journal of Tourism Research,Wiley-Blackwell Publishing,1099-2340,1522-1970,3508,1998,A
International Journal of Trade and Global Markets,Inderscience Enterprises Ltd.,1742-7541,1742-755X,3506,2007,C
International Journal of Training and Development,Wiley-Blackwell Publishing,1360-3736,1468-2419,3505,1997,C
International Journal of Transport Economics,Istituti Editorialie Poligrafici Internazionali Pisa,0303-5247,1724-2185,3509,1974,C
International Journal of Urban and Regional Research,Wiley-Blackwell Publishing,0309-1317,1468-2427,3801,1977,B
"International Journal of Vehicle Design: journal of vehicle engineering, automotive technology and components",Inderscience Publishers,0143-3369,1741-5314,3509,1979,B
International Journal of Volunteer Administration,North Carolina State University,,1942-728X,3507,2006,C
International Journal of Web Based Communities,Inderscience Enterprises Ltd.,1477-8394,1741-8216,4609,2004,C
International Journal of Wine Business Research,Emerald Group Publishing,1751-1062,1751-1070,3504,1988,B
International Journal of Work Organisation and Emotion,Inderscience Enterprises Ltd.,1740-8938,1740-8946,3507,2005,B
International Labor and Working-Class History,Cambridge University Press,0147-5479,1471-6445,3899,1972,B
International Labour Review,Wiley-Blackwell Publishing,0020-7780,1564-913X,3505,1921,B
International Marketing Review,Emerald Group Publishing,0265-1335,1758-6763,3506,1983,A
International Migration,Wiley-Blackwell Publishing,0020-7985,1468-2435,3599,1961,A
International Migration Review,Sage Publications,0197-9183,1747-7379,3599,1966,A
International Negotiation: a journal of theory and practice,Brill,1382-340X,1571-8069,3505,1996,A
International Organization,Cambridge University Press,0020-8183,1531-5088,3801,1947,B
International Papers in Political Economy,Springer Nature,2634-4955,1353-1158,3801,2005,C
International Public Management Journal,Taylor & Francis Online,1096-7494,1559-3169,3507,1998,B
International Real Estate Review,Asian Real Estate Society,2154-8919,,3504,1998,C
International Regional Science Review,Sage Publications,0160-0176,1552-6925,3899,1975,B
International Review for the Sociology of Sport,Sage Publications,1012-6902,1461-7218,3504,1966,B
International Review of Administrative Sciences,Sage Publications,0020-8523,1461-7226,3507,1957,B
International Review of Applied Economics,Taylor & Francis Online,0269-2171,1465-3486,3801,1987,B
International Review of Economics,Springer International Publishing,1865-1704,1863-4613,3801,1954,C
International Review of Economics & Finance,Elsevier,1059-0560,1873-8036,3502,1992,A
International Review of Economics Education,Elsevier,1477-3880,,3801,2003,C
International Review of Environmental and Resource Economics,Now Publishers,1932-1465,1932-1473,3801,2007,B
International Review of Finance,Wiley-Blackwell Publishing,1369-412X,1468-2443,3502,2000,A
International Review of Financial Analysis,Elsevier,1057-5219,1873-8079,3502,1992,A
International Review of Information Ethics,International Center for Information Ethics (ICIE),1614-1687,,4609,2004,C
International Review of Law and Economics,Elsevier,0144-8188,1873-6394,3801,1981,B
"International Review of Law, Computers and Technology",Taylor & Francis Online,1360-0869,1364-6885,4801,1984,A
International Review of Public Administration,Taylor & Francis Online,1229-4659,2331-7795,3599,1999,B
"International Review of Retail, Distribution and Consumer Research",Taylor & Francis Online,0959-3969,1466-4402,3506,1990,B
International Review on Public and Nonprofit Marketing,Springer International Publishing,1865-1984,1865-1992,3506,2004,B
International Small Business Journal,Sage Publications,0266-2426,1741-2870,3507,1982,A
International Social Science Journal,Wiley-Blackwell Publishing,,1468-2451,3599,1949,B
International Statistical Review,Wiley-Blackwell Publishing,0306-7734,1751-5823,4905,1932,A
International Studies of Management & Organization,Taylor & Francis Online,0020-8825,1558-0911,3507,1971,B
International Studies Quarterly,Wiley-Blackwell Publishing,0020-8833,1468-2478,3599,1957,A
International Tax and Public Finance,Springer International Publishing,0927-5940,1573-6970,4801,1994,A
International Tax Journal,Panel Publishers,0097-7314,,4801,1974,C
International Tax Review,Euromoney Institutional Investor PLC,0958-7594,,4801,1989,C
International Trade Journal,Taylor & Francis Online,0885-3908,1521-0545,3801,1986,B
International Transactions in Operational Research,Wiley-Blackwell Publishing,0969-6016,1475-3995,3509,1994,B
International Transfer Pricing Journal,International Bureau of Fiscal Documentation,1385-3074,,4801,1993,C
International VAT Monitor,International Bureau of Fiscal Documentation,0925-0832,,4801,1990,B
Internet Research,Emerald Group Publishing,1066-2243,2054-5657,4609,1991,A
Intertax: International Tax Review,Kluwer Law International,0165-2826,1875-8347,4801,1971,C
Investment Analysts Journal,Taylor & Francis Online,1029-3523,2077-0227,3502,1972,B
IPPR Progressive Review,Wiley-Blackwell Publishing,,2573-2331,3599,1994,B
Irish Journal of Management,Sciendo,1649-248X,2451-2834,3507,1982,C
Irish Marketing Review,University of Strathclyde,0790-7362,,3506,1986,C
ISEAS Current Economic Affairs Series,Cambridge University Press,,,3801,1991,C
Islamic Economic Studies,SyndiGate Media Inc.,1319-1616,,3899,,C
ISRA International Journal of Islamic Finance,Emerald Group Publishing,0128-1976,2289-4365,3502,2009,C
Issues in Accounting Education,American Accounting Association,0739-3172,1558-7983,3501,1983,A
Issues in Social and Environmental Accounting: An International Journal,Sebelas Maret University,,1978-0591,3501,2007,C
Italian Economic Journal,Springer Nature,2199-322X,2199-3238,3801,2015,B
Italian Journal of Marketing,Springer Nature Switzerland AG,2662-3323,2662-3331,3506,,C
IUP Journal of Accounting Research & Audit Practices,IUP Publications,0972-690X,,3501,2009,C
IUP Journal of Corporate Governance,IUP Publications,0972-6853,,3501,2003,C
IZA Journal of Labor Economics,Springer Nature,,2193-8997,3801,2012,A
Japan and the World Economy,Elsevier,0922-1425,,3801,1988,B
Japan Labor Issues,Japan Institute for Labour Policy and Training,2433-3689,,3505,2017,C
Japanese Economic Review,Wiley-Blackwell Publishing,1352-4739,1468-5876,3801,1950,B
JASSA: The Finsia Journal of Applied Finance,Financial Services Institute of Australasia,0313-5934,,3502,1966,B
Jindal Global Law Review,Springer Nature,0975-2498,2364-4869,4801,2009,C
Journal Ensayos Sobre Politica Economica (ESPE) / Essays on Economic Policy,"Department of Economic Policy Studies, Central Bank of Columbia",0120-4483,,3801,1982,C
Journal for Advancement of Marketing Education (JAME),Marketing Management Association,2326-3296,1537-5137,3506,2001,C
Journal for Quality and Participation,American Society for Quality,1040-9602,1931-4019,3505,1978,C
Journal for Studies in Economics & Econometrics,"University of Stellenbosch, Bureau for Economic Research",0379-6205,,3802,1977,B
Journal of Aboriginal Economic Development,Council for the Advancement of Native Development Officers (CANDO) and Captus Press Inc.,1481-9112,1481-9120,3801,1999,C
Journal of Academy of Business and Economics,International Academy of Business and Economics,1542-8710,2378-8631,3801,2003,C
Journal of Accountancy,Association of International Certified Professional Accountants,0021-8448,1945-0729,3501,1905,C
Journal of Accounting & Organizational Change,Emerald Group Publishing,1832-5912,1839-5473,3501,2005,B
Journal of Accounting and Economics,Elsevier,0165-4101,,3501,1979,A*
Journal of Accounting and Finance in Emerging Economies,CSRC Publishing,2519-0318,2518-8488,3501,,C
Journal of Accounting and Management Information Systems (JAMIS),Bucharest University of Economic Studies,1583-4387,2559-6004,3501,2002,C
Journal of Accounting and Public Policy,Elsevier,0278-4254,1873-2070,3501,1982,A*
Journal of Accounting Auditing and Finance,Sage Publications,0148-558X,2160-4061,3501,1986,A
Journal of Accounting Education,Elsevier,0748-5751,1873-1996,3501,1983,B
Journal of Accounting in Emerging Economies,Emerald Group Publishing,2042-1168,2042-1176,3501,2011,B
Journal of Accounting Literature,Emerald Group Publishing,0737-4607,,3501,1981,A
Journal of Accounting Research,Wiley-Blackwell Publishing,0021-8456,1475-679X,3501,1963,A*
Journal of Accounting Review,"National Chengchi University, Taiwan.",1018-1687,,3501,,C
"Journal of Accounting, Auditing and Business","Universitas Padjadjaran, Indonesia",,2614-3844,3501,,C
"Journal of Accounting, Business and Management",Malangkucecwara School of Economics,0216-423X,2622-2167,3501,2005,C
"Journal of Accounting, Ethics and Public Policy",Dumont Institute for Public Policy Research,1089-652X,,3501,1999,C
Journal of Advanced Transportation,Hindawi,0197-6729,2042-3195,3509,1966,B
Journal of Advertising,Taylor & Francis Online,0091-3367,1557-7805,3506,1960,A
Journal of Advertising Education,Sage Publications,1098-0482,,3506,1998,C
Journal of Advertising Research,Taylor & Francis Online,0021-8499,1740-1909,3506,1960,A
Journal of African Business,Taylor & Francis Online,1522-8916,1522-9076,3507,2000,C
Journal of African Development,African Finance and Economic Assocation,1060-6076,,3801,1992,C
Journal of African Economies,Oxford University Press,0963-8024,1464-3723,3801,1992,A
Journal of Agribusiness in Developing and Emerging Economies,Emerald Group Publishing,2044-0839,2044-0847,3899,2011,C
Journal of Agricultural & Food Industrial Organization,De Gruyter,1542-0485,2194-5896,3801,2002,C
Journal of Agricultural and Applied Economics,Cambridge University Press,1074-0708,2056-7405,3801,1969,C
Journal of Agricultural and Resource Economics,Western Agricultural Economics Association,1068-5502,2327-8285,3899,1992,A
Journal of Agricultural Economics,Wiley-Blackwell Publishing,0021-857X,1477-9552,3801,1928,A
"Journal of Agricultural, Biological and Environmental Statistics",Springer International Publishing,1085-7117,1537-2693,4905,1996,B
Journal of Air Law and Commerce,Southern Methodist University,0021-8642,,4801,1930,A
Journal of Air Transport Management,Elsevier,0969-6997,1873-2089,3509,1994,B
Journal of Applied Accounting Research,Emerald Group Publishing,0967-5426,1758-8855,3501,1993,B
Journal of Applied Business and Economics,North American Business Press,1499-691X,,3801,2000,C
Journal of Applied Corporate Finance,Wiley-Blackwell Publishing,1078-1196,1745-6622,3502,1988,A
Journal of Applied Econometrics,Wiley-Blackwell Publishing,0883-7252,1099-1255,3802,1986,A*
Journal of Applied Economic Sciences,ASERS Publishing,1843-6110,2393-5162,3801,2006,C
Journal of Applied Economics,Taylor & Francis Online,1514-0326,1667-6726,3801,1998,B
"Journal of Applied Finance: theory, practice, education",Financial Management Association International (FMA),1534-6668,,3502,1991,C
Journal of Applied Law and Policy,Curtin University,1836-6953,,4801,2008,C
Journal of Applied Management and Entrepreneurship,Nova Southeastern University,1077-1158,1077-1158,3507,1994,C
Journal of Applied Probability,Applied Probability Trust,0021-9002,1475-6072,4905,1964,A
Journal of Applied Psychology,American Psychological Association,0021-9010,1939-1854,3507,1917,A*
Journal of Applied Social Psychology,Wiley-Blackwell Publishing,0021-9029,1559-1816,3507,1971,B
Journal of Applied Sport Management,Sagamore Publishing,2327-0187,,3504,2009,C
Journal of Applied Sport Psychology,Taylor & Francis Online,1041-3200,1533-1571,3504,1989,A
Journal of Applied Statistical Science,Nova Science Publishers,1067-5817,,4905,1993,C
Journal of Applied Statistics,Taylor & Francis Online,0266-4763,1360-0532,4905,1974,B
Journal of Arts Management Law and Society,Taylor & Francis Online,1063-2921,1930-7799,3504,1969,C
Journal of Asia Business Studies,Emerald Group Publishing Limited,1558-7894,1559-2243,3507,2006,C
Journal of Asia Entrepreneurship and Sustainability,Asia Academic Press,1177-4541,1176-8592,3507,,C
Journal of Asia Pacific Business,Taylor & Francis Online,1059-9231,1528-6940,3507,1995,C
Journal of Asian Business and Economic Studies,Emerald Publishing,2515-964X,,3801,2018,B
Journal of Asian Economics,Elsevier,1049-0078,1873-7927,3801,1990,B
Journal of Australian Political Economy,Australian Political Economy Movement,0156-5826,,3899,1977,B
Journal of Australian Taxation,Monash University,1440-0405,,4801,1998,A
Journal of Banking & Finance,Elsevier,0378-4266,1872-6372,3502,1976,A*
Journal of Banking and Finance - Law and Practice,Thomson Reuters,1034-3040,,4801,,A
Journal of Banking Regulation,Springer International Publishing,1745-6452,1750-2071,4801,2001,C
Journal of Behavioral and Experimental Economics,Elsevier,2214-8043,,3801,1972,A
Journal of Behavioral and Experimental Finance,Elsevier,2214-6350,,3502,2014,A
Journal of Behavioral Decision Making,Wiley-Blackwell Publishing,0894-3257,1099-0771,3507,1988,A
Journal of Behavioral Finance,Taylor & Francis Online,1542-7560,1542-7579,3502,2000,A
Journal of Benefit-Cost Analysis,Cambridge University Press,2152-2812,,3899,2010,C
Journal of Bioeconomics,Springer International Publishing,1387-6996,1573-6989,3899,1999,C
Journal of Biopharmaceutical Statistics,Taylor & Francis Online,1054-3406,1520-5711,4905,1991,C
Journal of Brand Management,Springer International Publishing,1350-231X,1479-1803,3506,1993,A
Journal of Business & Economic Statistics,Taylor & Francis Online,0735-0015,1537-2707,3802,1983,A*
Journal of Business & Economic Studies,Northeast Business & Economics Association (NBEA),1063-343X,2576-3458,3801,1994,C
Journal of Business & Industrial Marketing,Emerald Group Publishing,0885-8624,2052-1189,3506,1986,A
Journal of Business Analytics,Taylor & Francis Online,2573-234X,2573-2358,4609,2018,C
Journal of Business and Economic Perspectives,The University of Tennessee at Martin,1528-5014,,3801,2010,C
Journal of Business and Economics Research,The Clute Institute,1542-4448,2157-8893,3801,2003,C
Journal of Business and Management,"Department of Management Information Systems at College of Commerce, National Chengchi University",1535-668X,,3507,1993,C
Journal of Business and Psychology,Springer International Publishing,0889-3268,1573-353X,3507,1986,A
Journal of Business and Technical Communication,Sage Publications,1050-6519,1552-4574,3507,1987,C
Journal of Business Chemistry,Institute of Business Administration,1613-9615,1613-9623,3507,2004,C
Journal of Business Cycle Research,Springer International Publishing,2509-7962,2509-7970,3801,2004,B
Journal of Business Economics,Springer Nature,0044-2372,1861-8928,3507,1924,B
Journal of Business Economics and Management,Taylor & Francis Online,1611-1699,2029-4433,3801,1999,B
Journal of Business Ethics,Springer International Publishing,0167-4544,1573-0697,3507,1982,A
Journal of Business Finance & Accounting,Wiley-Blackwell Publishing,0306-686X,1468-5957,3501,1974,A*
Journal of Business Law,Sweet & Maxwell,0021-9460,,4801,1957,A
Journal of Business Logistics,Wiley-Blackwell Publishing,0735-3766,2158-1592,3509,1978,A
Journal of Business Market Management,Springer International Publishing,1864-0753,1864-0761,3506,2007,B
Journal of Business Models,Emerald Publishing,2246-2465,,3507,2013,C
Journal of Business Research,Elsevier,0148-2963,1873-7978,3506,1973,A
Journal of Business Strategy,Emerald Group Publishing,0275-6668,2052-1197,3507,1980,B
Journal of Business Studies,Faculty of Management Studies & Commerce University of Jaffna - Sri Lanka,2362-0269,,3507,2013,C
Journal of Business Thought,Sri Guru Gobind Singh College of Commerce,2581-8104,2231-1734,3801,2012,C
Journal of Business Venturing,Elsevier,0883-9026,1873-2003,3507,1985,A*
Journal of Business Venturing Insights,Elsevier,2352-6734,,3507,2014,A
Journal of Business-to-Business Marketing,Taylor & Francis Online,1051-712X,1547-0628,3506,1993,B
Journal of Career Assessment,Sage Publications,1069-0727,1552-4590,3505,1993,A
Journal of Career Development,Sage Publications,0894-8453,1556-0856,3505,1972,B
Journal of Case Studies,Society for Case Research,2328-700X,,3599,,C
Journal of Cases on Information Technology,IGI Global,1548-7717,1548-7725,4609,1999,C
Journal of Change Management,Taylor & Francis Online,1469-7017,1479-1811,3507,2000,C
Journal of China Tourism Research,Taylor & Francis Online,1938-8160,1938-8179,3508,2005,B
Journal of Chinese Economic and Foreign Trade Studies,Emerald Group Publishing,1754-4408,1754-4416,3899,2008,C
Journal of Chinese Economics and Business Studies,Taylor & Francis Online,1476-5284,1476-5292,3801,2003,C
Journal of Chinese Tax and Policy,The University of Sydney,1839-065X,,4801,2011,C
Journal of Choice Modelling,Elsevier,1755-5345,,3803,2008,A
Journal of Cleaner Production,Elsevier,0959-6526,1879-1786,3507,1993,C
Journal of Co-operative Studies,UK Society for Co-operative Studies,0961-5784,,3507,1987,C
Journal of Commerce and Accounting Research,Publishing India Group,2277-2146,2320-4990,3501,2012,C
Journal of Commodity Markets,Elsevier,2405-8513,2405-8505,3502,2016,A
Journal of Common Market Studies,Wiley-Blackwell Publishing,0021-9886,1468-5965,3801,1962,B
Journal of Communication,Oxford University Press,0021-9916,1460-2466,3599,1951,A
Journal of Communication Management,Emerald Group Publishing,1363-254X,1478-0852,3506,1996,B
Journal of Community Informatics,Community Informatics Research Network,,1712-4441,4609,2004,C
Journal of Comparative Economics,Elsevier,0147-5967,1095-7227,3899,1977,A
Journal of Comparative International Management,Array,1481-0468,1718-0864,3507,1998,C
Journal of Comparative Policy Analysis: research and practice,Taylor & Francis Online,1387-6988,1572-5448,3599,1998,B
Journal of Competition Law and Economics,Oxford University Press,1744-6414,1744-6422,3801,2005,B
Journal of Computational and Graphical Statistics,Taylor & Francis Online,1061-8600,1537-2715,4905,1992,A*
Journal of Computational Finance,Incisive Risk Information Limited,1460-1559,1755-2850,3502,1997,C
Journal of Computer Information Systems,Taylor & Francis Online,0887-4417,2380-2057,4609,1960,A
Journal of Conflict Resolution,Sage Publications,0022-0027,1552-8766,3801,1957,A*
Journal of Construction Accounting and Taxation,"Warren, Gorham & Lamont, Inc.: Thomson Reuters",1054-3007,,4801,1991,C
Journal of Construction Engineering and Management,American Society of Civil Engineers,0733-9364,1943-7862,3504,1983,A*
Journal of Constructivist Psychology,Taylor & Francis Online,1072-0537,1521-0650,3507,1994,B
Journal of Consumer Affairs,Wiley-Blackwell Publishing,0022-0078,1745-6606,3506,1967,A
Journal of Consumer Behaviour,Wiley-Blackwell Publishing,1472-0817,1479-1838,3506,2001,A
Journal of Consumer Marketing,Emerald Group Publishing,0736-3761,2052-1200,3506,1984,A
Journal of Consumer Policy,Springer International Publishing,0168-7034,1573-0700,3801,1983,C
Journal of Consumer Psychology,Wiley-Blackwell Publishing,1057-7408,1532-7663,3506,1992,A*
Journal of Consumer Research,Oxford University Press,0093-5301,1537-5277,3506,1974,A*
"Journal of Consumer Satisfaction, Dissatisfaction and Complaining Behavior","Consumer Satisfaction, Dissatisfaction, and Complaining Behavior, Inc",0899-8620,,3506,1988,C
Journal of Contemporary Accounting and Economics,Elsevier,1815-5669,,3501,2005,A
Journal of Contemporary Business Issues,Western Illinois University,0194-0430,1553-5347,3507,1988,C
Journal of Contract Law,LexisNexis,1030-7230,,4801,1988,A
Journal of Convention & Event Tourism,Taylor & Francis Online,1547-0148,1547-0156,3508,2004,B
Journal of Corporate Accounting and Finance,Wiley-Blackwell Publishing,1044-8136,1097-0053,3501,1979,B
Journal of Corporate Finance,Elsevier,0929-1199,1872-6313,3502,1994,A*
Journal of Corporate Law Studies,Taylor & Francis Online,1473-5970,1757-8426,4801,2001,A
Journal of Corporate Real Estate,Emerald Group Publishing,1463-001X,1479-1048,3504,1998,C
Journal of Corporation Law,University of Iowa College of Law,0360-795X,,4801,1975,A
Journal of Cost & Management,Croatian Accountant,1848-137X,,3501,2015,C
Journal of Creating Value,Sage Publications,2394-9643,2454-213X,3506,,C
Journal of Creative Communications,Sage Publications,09732586,9732594,3506,,C
Journal of Credit Risk,Incisive Risk Information Ltd.,1744-6619,1755-9723,3502,2005,C
Journal of Cross-Cultural Psychology,Sage Publications,0022-0221,1552-5422,3507,1970,A
Journal of Culinary Science and Technology,Taylor & Francis Online,1542-8052,1542-8044,3504,1994,C
Journal of Cultural Economics,Springer International Publishing,0885-2545,1573-6997,3801,1977,A
Journal of Cultural Heritage Management and Sustainable Development,Emerald Group Publishing,2044-1266,2044-1274,3508,2011,C
Journal of Current Issues and Research in Advertising,Taylor & Francis Online,1064-1734,2164-7313,3506,1978,B
Journal of Customer Behavior,Westburn Publishers Ltd,1475-3928,1477-6421,3506,2002,C
Journal of Database Management,IGI Global,1063-8016,1533-8010,4609,1990,A
Journal of Database Marketing & Customer Strategy Management,Springer Nature,1741-2439,1741-2447,3506,2000,C
Journal of Decision Systems,Taylor & Francis Online,1246-0125,2116-7052,4609,1992,B
Journal of Demographic Economics,Cambridge University Press,2054-0892,,3801,2015,B
Journal of Derivatives and Hedge Funds,Macmillan Publishers Limited,1753-9641,1753-965X,3502,1994,C
Journal of Destination Marketing & Management,Elsevier,2212-571X,2212-5752,3508,2012,A
Journal of Development Economics,Elsevier,0304-3878,1872-6089,3801,1974,A*
Journal of Development Studies,Taylor & Francis Online,0022-0388,1743-9140,3801,1964,A
Journal of Digital & Social Media Marketing,Henry Stewart Publications,2050-0076,2050-0084,3506,2013,C
Journal of Digital Economy,"KeAi Communications Co., Ltd.",2773-0670,,3507,2022,B
Journal of Documentation,Emerald Group Publishing,0022-0418,1758-7379,4609,1945,B
Journal of East European Management Studies,Nomos,0949-6181,0949-6181,3507,1996,C
Journal of East-West Business,Taylor & Francis Online,1066-9868,1528-6959,3507,1994,C
Journal of Eastern Asia Society for Transportation Studies,Eastern Asia Society for Transportation Studies,1881-1124,1341-8521,3509,2005,C
Journal of Econometric Methods,De Gruyter,,2156-6674,3802,2012,B
Journal of Econometrics,Elsevier,0304-4076,1872-6895,3802,1973,A*
Journal of Economic and Administrative Sciences,Emerald Group Publishing,1026-4116,2054-6246,3899,1985,C
Journal of Economic and Social Measurement,Sage Publications,0747-9662,1875-8932,3802,1973,C
Journal of Economic and Social Policy,Southern Cross University Division of Business,1325-2224,2202-4883,3801,1995,C
Journal of Economic Behavior and Organization,Elsevier,0167-2681,1879-1751,3801,1980,A*
Journal of Economic Development,Economic Research Institute of Chung-Ang University,0254-8372,,3801,1976,C
Journal of Economic Dynamics and Control,Elsevier,0165-1889,1879-1743,3801,1979,A*
Journal of Economic Geography,Oxford University Press,1468-2702,1468-2710,3899,2001,A
Journal of Economic Growth,Springer International Publishing,1381-4338,1573-7020,3801,1996,A*
Journal of Economic Insight,Missouri Valley Economic Association,2572-7362,2639-6858,3801,1974,C
Journal of Economic Integration,Sejong University,1225-651X,1976-5525,3801,1986,C
Journal of Economic Interaction and Coordination,Springer International Publishing,1860-711X,1860-7128,3801,2006,B
Journal of Economic Issues,Taylor & Francis Online,0021-3624,1946-326X,3801,1967,B
Journal of Economic Literature,American Economic Association,0002-0515,2328-8175,3801,1963,A*
Journal of Economic Methodology,Taylor & Francis Online,1350-178X,1469-9427,3899,1994,B
Journal of Economic Perspectives,American Economic Association,0895-3309,1944-7965,3801,1987,A*
Journal of Economic Policy Reform,Taylor & Francis Online,1748-7870,1748-7889,3801,2007,B
Journal of Economic Psychology,Elsevier,0167-4870,1872-7719,3801,1981,A
Journal of Economic Research,Hanyang University Seoul,1226-4261,1226-4261,3801,1996,B
Journal of Economic Science Association,Springer International Publishing,2199-6776,2199-6784,3801,2015,A
Journal of Economic Studies,Emerald Group Publishing,0144-3585,1758-7387,3801,1974,B
Journal of Economic Surveys,Wiley-Blackwell Publishing,0950-0804,1467-6419,3801,1987,A
Journal of Economic Theory,Elsevier,0022-0531,1095-7235,3803,1969,A*
Journal of Economics,Springer International Publishing,0931-8658,1617-7134,3803,1930,B
Journal of Economics / Ekonomicky casopis,Institute of Economic Research Slovak Academy of Science,0013-3035,,3801,1953,B
Journal of Economics & Management Strategy,Wiley-Blackwell Publishing,1058-6407,1530-9134,3801,1992,A
Journal of Economics and Business,Elsevier,0148-6195,,3801,1949,B
Journal of Economics and Development,Emerald Publishing,1859-0020,2632-5330,3899,,C
Journal of Economics and Finance,Springer International Publishing,1055-0925,1938-9744,3801,1989,B
Journal of Economics and Finance Education,Academy of Economics and Finance (AEF),1543-0464,,3899,2002,C
Journal of Economics and Statistics,De Gruyter,0021-4027,2366-049X,3802,1863,B
"Journal of Economics, Theology and Religion",Erasmus University Rotterdam,2772-9001,,3801,2021,B
Journal of Ecotourism,Taylor & Francis Online,1472-4049,1747-7638,3508,2002,B
Journal of Education and Work,Taylor & Francis Online,1363-9080,1469-9435,3505,1987,B
Journal of Education Finance,University of Illinois Press,0098-9495,1944-6470,3502,1975,C
Journal of Education for Business,Taylor & Francis Online,0883-2323,1940-3356,3507,1928,C
Journal of Educational Administration,Emerald Group Publishing,0957-8234,1758-7395,3505,1963,B
Journal of Electronic Business & Digital Economics,Emerald Publishing,2754-4214,2754-4222,3501,,C
Journal of Electronic Commerce in Organizations,IGI Global,1539-2937,1539-2929,4609,2003,B
Journal of Electronic Commerce Research,California State University Press,1938-9027,1526-6133,4609,2000,B
Journal of Emerging Market Finance,Sage Publications,0972-6527,0973-0710,3502,2002,B
Journal of Emerging Technologies in Accounting,American Accounting Association,1554-1908,1558-7940,3501,2004,B
Journal of Empirical Finance,Elsevier,0927-5398,1879-1727,3502,1993,A
Journal of Empirical Generalisations in Marketing Science,Ehrenberg-Bass Institute for Marketing Science,,1326-4443,3506,1996,C
Journal of Empirical Legal Studies,Wiley-Blackwell Publishing,1740-1453,1740-1461,4801,2004,A*
Journal of Employment Counseling,Wiley-Blackwell Publishing,0022-0787,2161-1920,3505,1964,A
Journal of Energy and Development,International Research Center for Energy and Economic Development,0361-4476,,3599,1975,C
Journal of Engineering and Technology Management,Elsevier,0923-4748,1879-1719,3507,1989,B
"Journal of Engineering, Design and Technology",Emerald Group Publishing,1726-0531,1758-8901,3599,2002,C
Journal of Enterprise Information Management,Emerald Group Publishing,1741-0398,1758-7409,4609,1988,A
Journal of Enterprising Communities: People and Places in the Global Community,Emerald Group Publishing,1750-6204,1750-6212,3801,2007,C
Journal of Entrepreneurship,Sage Publications,0971-3557,0973-0745,3507,1992,C
Journal of Entrepreneurship in Emerging Economies,Emerald Group Publishing,2053-4604,2053-4612,3507,2009,B
Journal of Environment and Development,Sage Publications,1070-4965,1552-5465,3801,1992,B
Journal of Environmental Economics and Management,Elsevier,0095-0696,1096-0449,3801,1974,A*
Journal of Environmental Law,Oxford University Press,0952-8873,1464-374X,4801,1989,B
Journal of Environmental Planning and Management,Taylor & Francis Online,0964-0568,1360-0559,3507,1992,B
Journal of Environmental Psychology,Elsevier,0272-4944,1522-9610,3599,,A
Journal of Euromarketing,IMDA,1049-6483,1528-6967,3506,1991,C
Journal of European Economic History,Banco di Roma,0391-5115,,3801,1972,B
Journal of European Public Policy,Taylor & Francis Online,1350-1763,1466-4429,3599,1994,A
Journal of European Real Estate Research,Emerald Group Publishing,1753-9269,1753-9277,3504,2008,C
Journal of Evolutionary Economics,Springer International Publishing,0936-9937,1432-1386,3801,1991,A
Journal of Experimental Psychology: Applied,American Psychological Association,1076-898X,1939-2192,3507,1995,A
Journal of Experimental Psychology: general,American Psychological Association,0096-3445,1939-2222,3507,1916,A*
"Journal of Experimental Psychology: learning, memory, and cognition",American Psychological Association,0278-7393,1939-1285,3507,1975,A
Journal of Experimental Social Psychology,Elsevier,0022-1031,1096-0465,3507,1965,A
Journal of Facilities Management,Emerald Group Publishing,1472-5967,1741-0983,3504,2002,C
Journal of Family and Economic Issues,Springer International Publishing,1058-0476,1573-3475,3899,1978,B
Journal of Family Business Strategy,Elsevier,1877-8585,1877-8593,3507,2010,B
Journal of Fashion Marketing and Management,Emerald Group Publishing,1361-2026,1758-7433,3506,1996,B
Journal of Finance Case Research,Institute of Finance Case Research,1527-5426,,3502,1999,C
Journal of Financial and Quantitative Analysis,Cambridge University Press,0022-1090,1756-6916,3502,1966,A*
Journal of Financial Counseling and Planning,Springer Publishing Company,1052-3073,1947-7910,3502,1990,B
Journal of Financial Crime,Emerald Group Publishing,1359-0790,1758-7239,4801,1993,B
Journal of Financial Econometrics,Oxford University Press,1479-8409,1479-8417,3802,2003,A*
Journal of Financial Economic Policy,Emerald Group Publishing,1757-6385,1757-6393,3899,2009,B
Journal of Financial Economics,Elsevier,0304-405X,,3502,1974,A*
Journal of Financial Education,DePaul University College of Commerce,0093-3961,,3502,1972,B
Journal of Financial Intermediation,Elsevier,1042-9573,1096-0473,3502,1990,A*
Journal of Financial Management and Analysis,"Om Sai Ram Centre for Financial Management Research and Training, Bombay, India",0970-4205,,3502,1988,C
Journal of Financial Management of Property and Construction,Emerald Group Publishing,1366-4387,1759-8443,3504,1996,C
"Journal of Financial Management, Markets and Institutions",World Scientific Publishing,2282-717X,,3502,2011,C
Journal of Financial Markets,Elsevier,1386-4181,1878-576X,3502,1998,A*
Journal of Financial Regulation,Oxford University Press,2053-4833,,4801,2014,B
Journal of Financial Regulation and Compliance,Emerald Group Publishing,1358-1988,1740-0279,4801,1992,B
Journal of Financial Reporting,American Accounting Association,2380-2154,2380-2146,3501,2016,A
Journal of Financial Reporting and Accounting,Emerald Group Publishing,1985-2517,2042-5856,3501,2003,C
Journal of Financial Research,Wiley-Blackwell Publishing,0270-2592,1475-6803,3502,1978,A
Journal of Financial Services Marketing,Springer Nature,1363-0539,1479-1846,3506,1995,B
Journal of Financial Services Research,Springer International Publishing,0920-8550,1573-0735,3502,1987,A
Journal of Financial Stability,Elsevier,1572-3089,1878-0962,3502,2004,A*
Journal of Food Distribution Research,Food Distribution Research Society,0047-245X,,3506,2005,C
Journal of Food Products Marketing,Taylor & Francis Online,1045-4446,1540-4102,3506,1992,B
Journal of Foodservice Business Research,Taylor & Francis Online,1537-8020,1537-8039,3504,2002,C
Journal of Forecasting,Wiley-Blackwell Publishing,0277-6693,1099-131X,3802,1982,A
Journal of Forensic & Investigative Accounting,Louisiana State University,,2165-3755,3501,2009,B
Journal of Forensic Accounting Research,American Accounting Association,,2380-2138,3501,2016,B
Journal of Forensic Economics,National Association of Forensic Economics,0898-5510,,3899,1987,C
Journal of Forest Economics,Elsevier,1104-6899,,3801,1994,B
Journal of Gambling Studies,Springer International Publishing,1050-5350,1573-3602,3504,1985,A
Journal of General Management,Sage Publications,0306-3070,1759-6106,3507,1970,C
Journal of Global Business and Economics,Global Institute of Flexible Systems Management,2180-3625,,3899,2010,C
Journal of Global Economic Analysis,"Center for Global Trade Analysis, Purdue University",2377-2999,2377-2999,3801,2016,B
Journal of Global Fashion Marketing,Taylor & Francis Online,2093-2685,2325-4483,3506,2010,B
Journal of Global Information Management,IGI Global,1062-7375,1533-7995,4609,1993,A
Journal of Global Information Technology Management,Taylor & Francis Online,1097-198X,2333-6846,4609,1998,B
Journal of Global Marketing,Taylor & Francis Online,0891-1762,1528-6975,3506,1987,B
Journal of Global Mobility,Emerald Group Publishing,2049-8799,2049-8802,3505,2013,B
Journal of Global Operations and Strategic Sourcing,Emerald Group Publishing,2398-5364,2398-5372,3507,2008,C
Journal of Global Responsibility,Emerald Group Publishing,2041-2568,2041-2576,3507,2010,C
Journal of Global Scholars of Marketing Science,Taylor & Francis Online,2163-9159,2163-9167,3506,1998,B
Journal of Global Sport Management,Taylor & Francis Online,2470-4067,2470-4075,3504,2016,C
Journal of Globalization and Development,De Gruyter,1948-1837,,3899,2010,B
Journal of Governmental & Nonprofit Accounting,American Accounting Association,,2155-3815,3501,2012,B
Journal of Health Economics,Elsevier,0167-6296,1879-1646,3801,1982,A*
"Journal of Health Politics, Policy and Law",Duke University Press,0361-6878,1527-1927,3599,1976,A
Journal of Health Services Research and Policy,Sage Publications,1355-8196,1758-1060,3599,1996,B
"Journal of Health, Organization and Management",Emerald Group Publishing,1477-7266,1758-7247,3507,1986,B
"Journal of Health, Safety and Environment",Wolters Kluwer,1837-9362,2205-1104,3505,1985,B
Journal of Healthcare Management,American College of Healthcare Executives,1096-9012,1944-7396,3507,1975,C
Journal of Heritage Tourism,Taylor & Francis Online,1743-873X,1747-6331,3508,2006,B
Journal of Higher Education Policy and Management,"Routledge, Taylor & Francis",1360-080X,1469-9508,3505,1996,B
Journal of Historical Research in Marketing,Emerald Group Publishing,1755-750X,1755-7518,3506,2009,B
Journal of Hospitality and Tourism Education,Taylor & Francis Online,1096-3758,2325-6540,3508,1997,B
Journal of Hospitality and Tourism Insights,Emerald Group Publishing,2514-9792,,3508,2018,B
Journal of Hospitality and Tourism Management,Elsevier,1447-6770,1839-5260,3508,1994,A*
Journal of Hospitality and Tourism Research,Sage Publications,1096-3480,1557-7554,3508,1976,A
Journal of Hospitality and Tourism Technology,Emerald Group Publishing,1757-9880,1757-9899,4609,2010,B
Journal of Hospitality Marketing and Management,Taylor & Francis Online,1936-8623,1936-8631,3506,2009,A
"Journal of Hospitality, Leisure, Sport & Tourism Education",Elsevier,,1473-8376,3508,2001,B
Journal of Housing Economics,Elsevier,1051-1377,1096-0791,3801,1991,A
Journal of Housing Research,American Real Estate Society,1052-7001,,3504,1998,B
Journal of Human Capital,The University of Chicago Press,1932-8575,1932-8664,3801,2007,A
Journal of Human Development and Capabilities,Taylor & Francis Online,1945-2829,1945-2837,3505,2000,B
Journal of Human Resources,The University of Wisconsin Press,0022-166X,1548-8004,3801,1966,A*
Journal of Human Resources in Hospitality and Tourism,Taylor & Francis Online,1533-2845,1533-2853,3508,2002,B
Journal of Humanitarian Logistics and Supply Chain Management,Emerald Group Publishing Limited,2042-6747,2042-6755,3509,2011,B
Journal of Income Distribution,Ad Libros Publications Inc,0926-6437,1874-6322,3801,1992,B
Journal of Index Investing,S&P Global,2154-7238,2374-135X,3502,2010,C
Journal of Indian Business Research,Emerald Group Publishing,1755-4195,1755-4209,3507,2009,C
Journal of Indonesian Economy and Business,Universitas Gadjah Mada,2085-8272,2338-5847,3899,,C
Journal of Industrial and Business Economics,Springer Nature,0391-2078,1972-4977,3801,1974,B
Journal of Industrial and Management Optimization,American Institute of Mathematical Sciences,1547-5816,1553-166X,3503,2005,B
Journal of Industrial Information Integration,Elsevier,2452-414X,,4609,2016,C
Journal of Industrial Relations,Sage Publications,0022-1856,1472-9269,3505,1959,A
"Journal of Industry, Competition and Trade",Springer International Publishing,1566-1679,1573-7012,3801,2001,C
Journal of Information and Knowledge Management,World Scientific Publishing,0219-6492,1793-6926,4609,2002,C
Journal of Information Communication and Ethics in Society,Emerald Group Publishing Limited,1477-996X,1758-8871,4609,2003,B
Journal of Information Systems,American Accounting Association,0888-7985,1558-7959,3501,1986,A
Journal of Information Systems and Technology Management,University of São Paulo,,1807-1775,4609,2004,C
Journal of Information Systems Education,Association of Information Technology Professionals (ATIP),1055-3096,2574-3872,4609,1989,B
Journal of Information Technology,Sage Publications,0268-3962,1466-4437,4609,1986,A*
Journal of Information Technology Case and Application Research,Taylor & Francis Online,1522-8053,2333-6897,4609,1999,C
Journal of Information Technology Education: Research,Informing Science Institute,1547-9714,1539-3585,4609,2002,C
Journal of Innovation & Knowledge,Elsevier,2444-569X,,3507,2016,C
Journal of Innovation Economics,De Boeck Superior,2032-5355,,3801,2008,C
Journal of Innovation Management,Association Journal of Innovation Management,,2183-0606,3507,2013,C
Journal of Institutional and Theoretical Economics,Mohr Siebeck GmbH & Co. KG,0932-4569,1614-0559,3803,1844,B
Journal of Institutional Economics,Cambridge University Press,1744-1374,1744-1382,3801,2005,B
Journal of Insurance Issues,Western & Southern Risk and Insurance Association,1531-6076,2332-4244,3502,1985,B
Journal of Intellectual Capital,Emerald Group Publishing,1469-1930,1758-7468,3501,2000,B
Journal of Intellectual Property Law & Practice,Oxford University Press,1747-1532,1747-1540,4801,1993,B
Journal of Intelligent Information Systems,Springer International Publishing,0925-9902,1573-7675,4609,1992,B
Journal of Intelligent Manufacturing,Springer International Publishing,0956-5515,1572-8145,3503,1990,B
Journal of Intelligent Transportation Systems,Taylor & Francis Online,1547-2450,1547-2442,3509,2002,B
Journal of Interactive Advertising,Taylor & Francis Online,,1525-2019,3506,2000,B
Journal of Interactive Marketing,Sage Publications,1094-9968,1520-6653,3506,1986,A
Journal of Intercultural Communication,ICR Publishing Group,1404-1634,,3507,1999,C
Journal of Interdisciplinary Economics,Sage Publications,0260-1079,,3801,1984,C
Journal of International Accounting Research,American Accounting Association,1542-6297,1558-8025,3501,2002,A
"Journal of International Accounting, Auditing and Taxation",Elsevier,1061-9518,1879-1603,3501,1992,B
Journal of International Agricultural Trade and Development,Nova Science Publishers,1556-8520,,3801,2005,C
Journal of International Banking Law and Regulation,Sweet & Maxwell,1742-6812,,3502,1986,C
Journal of International Business and Economy,"San Francisco State University, College of Business and the Institute for Industrial Policy Studies",1527-8603,,3801,2000,C
Journal of International Business Education,NeilsonJournals Publishing,1649-4946,2044-4575,3507,2004,C
Journal of International Business Policy,Springer Nature,2522-0691,2522-0705,3507,2018,B
Journal of International Business Studies,Springer International Publishing,0047-2506,1478-6990,3507,1970,A*
Journal of International Commercial Law,The University of Western Australia,1476-7546,,4801,2002,C
Journal of International Consumer Marketing,Taylor & Francis Online,0896-1530,1528-7068,3506,1988,B
Journal of International Development,Wiley-Blackwell Publishing,0954-1748,1099-1328,3801,1989,B
Journal of International Economic Law,Oxford University Press,1369-3034,1464-3758,4801,1998,A
Journal of International Economic Studies,Hosei Institute of Comparative Economic Studies,0911-1247,,3801,1985,C
Journal of International Economics,Elsevier,0022-1996,1873-0353,3801,1971,A*
Journal of International Education in Business,Emerald Group Publishing Limited,2046-469X,1836-3261,3507,2008,C
Journal of International Finance and Economics,International Academy of Business and Economics,1555-6336,2378-864X,3801,2006,C
Journal of International Financial Management and Accounting,Wiley-Blackwell Publishing,0954-1314,1467-646X,3502,1989,A
"Journal of International Financial Markets, Institutions and Money",Elsevier,1042-4431,1873-0612,3502,1990,A
Journal of International Food and Agribusiness Marketing,Taylor & Francis Online,0897-4438,1528-6983,3506,1988,B
Journal of International Management,Elsevier,1075-4253,1873-0620,3507,1995,A
Journal of International Marketing,Sage Publications,1069-031X,1547-7215,3506,1993,A
Journal of International Marketing and Exporting,Academy of World Business,1324-5864,1832-2174,3506,1996,C
Journal of International Marketing and Marketing Research,European Marketing Association,1010-7347,,3506,1976,C
Journal of International Migration and Integration,Springer International Publishing,1488-3473,1874-6365,3599,2000,C
Journal of International Money and Finance,Elsevier,0261-5606,1873-0639,3502,1982,A
Journal of International Relations and Development,Springer Nature,1408-6980,1581-1980,3599,1984,C
Journal of International Taxation,Thomson Reuters,1049-6378,,4801,1990,C
Journal of International Technology and Information Management,International Information Management Association (IIMA),1543-5962,1941-6679,4609,1992,C
Journal of Internet Commerce,Taylor & Francis Online,1533-2861,1533-287X,3504,2002,B
Journal of Investing,S&P Global,1068-0896,2168-8613,3502,1992,B
Journal of Investment Compliance,Emerald Group Publishing,1528-5812,1758-7476,3502,2000,C
Journal of Investment Consulting,Investments & Wealth Institute,1524-6035,,3502,1998,C
Journal of Investment Management,Gifford Fong Associates,1545-9144,1545-9152,3502,2003,C
Journal of Islamic Accounting and Business Research,Emerald Group Publishing,1759-0817,1759-0825,3501,2010,C
"Journal of Islamic Economics, Banking and Finance",SyndiGate Media Inc.,2070-4658,2070-4666,3502,2005,C
Journal of Islamic Marketing,Emerald Group Publishing Limited,1759-0833,1759-0841,3506,2010,B
Journal of Knowledge Management,Emerald Group Publishing,1367-3270,1758-7484,4609,1997,A
Journal of Knowledge Management Practice,Leadership Alliance Inc.,,1705-9232,4609,1998,C
Journal of Korea Trade,Emerald Group Publishing,1229-828X,,3801,1997,C
Journal of Labor and Society,Wiley-Blackwell Publishing,2471-4607,,3801,1997,C
Journal of Labor Economics,University of Chicago Press,0734-306X,1537-5307,3801,1983,A*
Journal of Labor Research,Springer International Publishing,0195-3613,1936-4768,3505,1980,B
Journal of Law and Financial Management,The University of Sydney,1446-6899,,4801,2002,C
Journal of Law and Society,Wiley-Blackwell Publishing,0263-323X,1467-6478,4801,1982,B
"Journal of Law, Economics & Policy",George Mason University School of Law,1553-4367,,4801,2005,B
"Journal of Law, Economics and Organization",Oxford University Press,8756-6222,1465-7341,3801,1985,A
"Journal of Law, Information and Science",University of Tasmania,0729-1485,,4801,1981,B
Journal of Leadership and Organizational Studies,Sage Publications,1548-0518,1939-7089,3507,1993,A
Journal of Legal Aspects of Sport,Sport & Recreation Law Association,1072-0316,,3504,1991,C
Journal of Legal Economics,"Allen Press, Inc.",1054-3023,,3801,1991,B
Journal of Legal Studies in Business,Cengage Learning,1078-3873,,4801,1992,C
Journal of Legal Technology Risk Management,Taylor & Francis Online,1932-5584,1932-5592,4801,2006,C
Journal of Leisure Research,Taylor & Francis Ltd.,0022-2216,2159-6417,3504,1969,A
Journal of Macroeconomics,Elsevier,0164-0704,1873-152X,3801,1979,A
Journal of Macromarketing,Sage Publications,0276-1467,1552-6534,3506,1981,A
Journal of Malaysian and Comparative Law,University of Malaya,0126-6322,,4801,1974,C
Journal of Management,Sage Publications,0149-2063,1557-1211,3507,1975,A*
Journal of Management & Organization,Cambridge University Press,1833-3672,1839-3527,3507,1995,A
Journal of Management Accounting Research,American Accounting Association,1049-2127,1558-8033,3501,1989,A*
Journal of Management Analytics,Taylor & Francis Ltd.,2327-0012,2327-0039,3503,2014,B
Journal of Management and Governance,Springer International Publishing,1385-3457,1572-963X,3507,1997,C
Journal of Management Control,Springer International Publishing,2191-4761,2191-477X,3501,1990,A
Journal of Management Development,Emerald Group Publishing,0262-1711,1758-7492,3507,1982,C
Journal of Management Education,Sage Publications,1052-5629,1552-6658,3507,1975,B
Journal of Management History,Emerald Group Publishing,1751-1348,1355-252X,3505,1995,B
Journal of Management in Engineering,American Society of Civil Engineers,0742-597X,1943-5479,3507,1985,A
Journal of Management Information Systems,Taylor & Francis Online,0742-1222,1557-928X,4609,1984,A*
Journal of Management Inquiry,Sage Publications,1056-4926,1552-6542,3507,1992,A
Journal of Management Spirituality and Religion,Taylor & Francis Ltd.,1476-6086,1942-258X,3507,2004,C
Journal of Management Studies,Wiley-Blackwell Publishing,0022-2380,1467-6486,3507,1964,A*
Journal of Managerial Issues,Pittsburg State University,1045-3695,,3507,1989,C
Journal of Managerial Psychology,Emerald Group Publishing,0268-3946,1758-7778,3507,1986,B
Journal of Manufacturing Systems,Elsevier,0278-6125,1878-6642,3507,1982,B
Journal of Manufacturing Technology Management,Emerald Group Publishing,1741-038X,1758-7786,3507,1990,B
Journal of Maritime Law and Commerce,Jefferson Law Book Company of Baltimore,0022-2410,,4801,1969,A
Journal of Marketing,Sage Publications,0022-2429,1547-7185,3506,1936,A*
Journal of Marketing Analytics,Springer Nature,2050-3318,2050-3326,3506,2013,C
Journal of Marketing Communications,Taylor & Francis Online,1352-7266,1466-4445,3506,1995,B
Journal of Marketing Education,Sage Publications,0273-4753,1552-6550,3506,1979,B
Journal of Marketing for Higher Education,Taylor & Francis Online,0884-1241,1540-7144,3506,1988,B
Journal of Marketing Management,Taylor & Francis Online,0267-257X,1472-1376,3506,1985,A
Journal of Marketing Research,Sage Publications,0022-2437,1547-7193,3506,1964,A*
Journal of Marketing Theory and Practice,Taylor & Francis Online,1069-6679,1944-7175,3506,1992,B
Journal of Markets & Morality,Acton Institute for the Study of Religion and Liberty,1098-1217,1944-7841,3801,1998,B
Journal of Mathematical Economics,Elsevier,0304-4068,1873-1538,3801,1974,A
Journal of Media Economics,Taylor & Francis Online,0899-7764,1532-7736,3801,1988,B
Journal of Medical Economics,Taylor & Francis Online,1369-6998,1941-837X,3801,1998,C
Journal of Medical Marketing,Sage Publications,1745-7904,1745-7912,3506,2000,C
Journal of Modelling in Management,Emerald Group Publishing,1746-5664,1746-5672,3503,2006,C
Journal of Modern Applied Statistical Methods,Wayne State University Press,1538-9472,,4905,2002,B
Journal of Monetary Economics,Elsevier,0304-3932,1873-1295,3801,1975,A*
Journal of Money Laundering Control,Emerald Group Publishing,1368-5201,1758-7808,4801,1997,C
"Journal of Money, Credit and Banking",Wiley-Blackwell Publishing,0022-2879,1538-4616,3801,1969,A*
Journal of Multi-Criteria Decision Analysis,Wiley-Blackwell Publishing,1057-9214,1099-1360,3503,1992,B
Journal of Multinational Financial Management,Elsevier,1042-444X,1873-1309,3502,1990,B
Journal of Multivariate Analysis,Elsevier,0047-259X,1095-7243,4905,1971,A
Journal of New Business Ideas and Trends,Australian Business Education Research Association,1446-8719,1447-9184,3507,2003,C
Journal of Nonparametric Statistics,Taylor & Francis Online,1048-5252,1029-0311,4905,1991,B
Journal of Nonprofit & Public Sector Marketing,Taylor & Francis Online,1049-5142,1540-6997,3506,1993,B
Journal of Nursing Management,John Wiley & Sons,0966-0429,1365-2834,3507,1993,C
Journal of Occupational and Organizational Psychology,Wiley-Blackwell Publishing,0963-1798,2044-8325,3507,1975,A*
Journal of Occupational Health Psychology,American Psychological Association,1076-8998,1939-1307,3507,1996,A
Journal of Operational Risk,Incisive Risk Information Ltd.,1744-6740,1755-2710,3502,2006,C
Journal of Operations Management,Wiley-Blackwell Publishing,0272-6963,1873-1317,3507,1980,A*
Journal of Optimization Theory and Applications,Springer International Publishing,0022-3239,1573-2878,3507,1967,A
Journal of Organizational and End User Computing,IGI Global,1546-2234,1546-5012,4609,1989,B
Journal of Organizational Behavior,Wiley-Blackwell Publishing,0894-3796,1099-1379,3507,1980,A*
Journal of Organizational Behavior Education,Neilson Journals Publishing,1649-7627,2047-9999,3507,2005,C
Journal of Organizational Behavior Management,Taylor & Francis Online,0160-8061,1540-8604,3507,1977,B
Journal of Organizational Change Management,Emerald Group Publishing,0953-4814,1758-7816,3507,1988,B
Journal of Organizational Computing and Electronic Commerce,Taylor & Francis Online,1091-9392,1532-7744,4609,1991,A
Journal of Organizational Effectiveness,Emerald Group Publishing,2051-6614,2051-6622,3505,2014,B
Journal of Organizational Ethnography,Emerald Publishing,2046-6749,2046-6757,3507,2012,C
Journal of Outdoor Recreation and Tourism,Elsevier,2213-0780,,3508,,B
Journal of Park and Recreation Administration,Sagamore Publishing LLC,0735-1968,2160-6862,3504,1983,B
Journal of Pension Economics and Finance,Cambridge University Press,1474-7472,1475-3022,3801,2002,B
Journal of Performance Management,Association for Management Information in Financial Services (AMIfs),1949-971X,,3502,2004,C
Journal of Performance of Constructed Facilities,American Society of Civil Engineers,0887-3828,1943-5509,3504,1987,C
Journal of Personal Selling & Sales Management,Taylor & Francis Online,0885-3134,1557-7813,3506,1980,A
Journal of Personality,Wiley-Blackwell Publishing,0022-3506,1467-6494,3507,1932,A
Journal of Personality and Social Psychology,American Psychological Association,0022-3514,1939-1315,3507,1965,A*
Journal of Personnel Psychology,American Psychological Association,1866-5888,,3505,2010,B
"Journal of Pharmaceutical Finance, Economics and Policy",Haworth Press,1538-5396,,3801,2003,C
Journal of Place Management and Development,Emerald Group Publishing,1753-8335,1753-8343,3504,2008,C
Journal of Policy Analysis and Management,Wiley-Blackwell Publishing,0276-8739,1520-6688,3507,1981,A
Journal of Policy Modeling,Elsevier,0161-8938,1873-8060,3801,1979,A
"Journal of Policy Research in Tourism, Leisure and Events",Taylor & Francis Online,1940-7963,1940-7971,3508,2009,B
Journal of Political Economy,The University of Chicago Press,0022-3808,1537-534X,3801,1892,A*
Journal of Political Economy: Macroeconomics,University of Chicago Press,2832-9341,2832-935X,3801,,A
Journal of Political Economy: Microeconomics,University of Chicago Press,2832-9368,2832-9376,3801,,A
Journal of Political Marketing,Taylor & Francis Online,1537-7857,1537-7865,3506,2001,B
Journal of Political Power,Taylor & Francis Online,2158-379X,2158-3803,3599,2008,C
Journal of Population Economics,Springer International Publishing,0933-1433,1432-1475,3801,1988,A*
Journal of Population Research,Springer International Publishing,1443-2447,1835-9469,3599,1984,A
Journal of Post Keynesian Economics,Taylor & Francis Online,0160-3477,1557-7821,3899,1978,B
Journal of Product & Brand Management,Emerald Group Publishing,1061-0421,2054-1643,3506,1992,A
Journal of Product Innovation Management,Wiley-Blackwell Publishing,0737-6782,1540-5885,3599,1984,A*
Journal of Productivity Analysis,Springer International Publishing,0895-562X,1573-0441,3801,1989,A
Journal of Professional Issues in Engineering Education and Practice,American Society of Civil Engineers,1052-3928,1943-5541,3505,1873,B
Journal of Professions and Organization,Oxford University Press,2051-8803,2051-8811,3505,2014,A
Journal of Promotion Management,Taylor & Francis Online,1049-6491,1540-7594,3506,1991,B
Journal of Property Investment & Finance,Emerald Publishing,1463-578X,1470-2002,3504,1982,B
Journal of Property Management,Institute of Real Estate Management,0022-3905,,3504,1941,C
Journal of Property Research,Taylor & Francis Online,0959-9916,1466-4453,3504,1991,B
Journal of Public Administration Research and Theory,Oxford University Press,1053-1858,1477-9803,3599,1991,A
Journal of Public Affairs,Wiley-Blackwell Publishing,1472-3891,1479-1854,3506,2001,B
"Journal of Public Budgeting, Accounting and Financial Management",Emerald Group Publishing,1096-3367,1945-1814,3501,1994,B
Journal of Public Economic Theory,Wiley-Blackwell Publishing,1097-3923,1467-9779,3801,1999,A
Journal of Public Economics,Elsevier,0047-2727,1879-2316,3801,1972,A*
Journal of Public Finance and Public Choice,Bristol University Press,2515-6918,2515-6926,3899,1983,C
Journal of Public Policy,Cambridge University Press,0143-814X,1469-7815,3599,1981,B
Journal of Public Policy and Marketing,Sage Publications,0743-9156,1547-7207,3506,1982,A
Journal of Public Relations Education,AEJMC,2573-1742,,3506,2015,C
Journal of Public Relations Research,Taylor & Francis Online,1062-726X,1532-754X,3506,1992,B
Journal of Public Transportation,Elsevier,1077-291X,2375-0901,3509,1997,B
Journal of Purchasing and Supply Management,Elsevier,1478-4092,1873-6505,3509,1992,A
Journal of Quality Assurance in Hospitality & Tourism,Taylor & Francis Online,1528-008X,1528-0098,3508,2000,B
Journal of Quality in Maintenance Engineering,Emerald Group Publishing Limited,1355-2511,1758-7832,3504,1995,B
Journal of Quality Technology,Taylor & Francis Online,0022-4065,2575-6230,3503,1969,A
Journal of Quantitative Economics,Springer International Publishing,0971-1554,2364-1045,3802,2003,B
Journal of Real Estate Finance and Economics,Springer International Publishing,0895-5638,1573-045X,3504,1988,A
Journal of Real Estate Literature,American Real Estate Society,0927-7544,1573-8809,3504,1993,C
Journal of Real Estate Portfolio Management,American Real Estate Society,1083-5547,,3504,1997,B
Journal of Real Estate Practice and Education,American Real Estate Society,1521-4842,,3504,1998,C
Journal of Real Estate Research,American Real Estate Society,0896-5803,,3504,1986,B
Journal of Regional Science,Wiley-Blackwell Publishing,0022-4146,1467-9787,3801,1958,A
Journal of Regulatory Economics,Springer International Publishing,0922-680X,1573-0468,3801,1989,A
Journal of Relationship Marketing,Taylor & Francis Online,1533-2667,1533-2675,3506,2002,B
Journal of Research for Consumers,University of Canterbury,1444-6359,,3506,2001,C
Journal of Research in Interactive Marketing,Emerald Group Publishing Limited,2040-7122,2040-7130,3506,2010,B
Journal of Research in Marketing and Entrepreneurship,Emerald Group Publishing,1471-5201,1471-521X,3506,1999,B
Journal of Research in Personality,Elsevier,0092-6566,1095-7251,3507,1965,B
Journal of Retailing,Elsevier,0022-4359,1873-3271,3506,1993,A*
Journal of Retailing and Consumer Services,Elsevier,0969-6989,1873-1384,3506,1994,A
Journal of Retirement,S&P Global,2326-6899,2326-6902,3502,2013,B
Journal of Revenue & Pricing Management,Springer International Publishing,1476-6930,1477-657X,3506,2002,B
Journal of Risk,Incisive Risk Information Limited,1465-1211,1755-2842,3502,1999,B
Journal of Risk and Insurance,Wiley-Blackwell Publishing,0022-4367,1539-6975,3502,1993,A
Journal of Risk and Uncertainty,Springer International Publishing,0895-5646,1573-0476,3803,1988,A*
Journal of Risk Management in Financial Institutions,Henry Stewart Publications,1752-8887,1752-8895,3502,2007,C
Journal of Risk Research,Taylor & Francis Online,1366-9877,1466-4461,3502,1998,C
Journal of Safety Research,Elsevier,0022-4375,1879-1247,3509,1969,A
Journal of Scheduling,Springer International Publishing,1094-6136,1099-1425,3509,1998,B
Journal of Science and Technology Policy Management,Emerald Group Publishing,2053-4620‎,2053-4639,3507,2014,C
Journal of Selling,Northern Illinois University,2329-7751,,3506,,C
Journal of Service Management,Emerald Group Publishing,1757-5818,1757-5826,3507,1990,A
Journal of Service Research,Sage Publications,1094-6705,1552-7379,3506,1998,A*
Journal of Service Theory and Practice,Emerald Group Publishing,2055-6225,2055-6233,3506,1990,A
Journal of Services Marketing,Emerald Group Publishing,0887-6045,2054-1651,3506,1986,A
Journal of Services Research,UMAK Education Trust,0972-4702,,3506,2001,C
Journal of Simulation,Taylor & Francis Online,1747-7778,1747-7786,3599,2006,B
Journal of Small Business and Enterprise Development,Emerald Group Publishing,1462-6004,1758-7840,3507,1994,C
Journal of Small Business and Entrepreneurship,Taylor & Francis Online,0827-6331,2169-2610,3507,1985,B
Journal of Small Business Management,Taylor & Francis Online,0047-2778,1540-627X,3507,1963,A
Journal of Small Business Strategy,Middle Tennessee State University,1081-8510,2380-1751,3507,1990,C
Journal of Social and Economic Development,Springer International Publishing,0972-5792,2199-6873,3801,1998,C
Journal of Social Entrepreneurship,Taylor & Francis Online,1942-0676,1942-0684,3507,2010,B
Journal of Social Issues,Wiley-Blackwell Publishing,0022-4537,1540-4560,3507,1944,A
Journal of Social Marketing,Emerald Group Publishing Limited,2042-6763,2042-6771,3506,2011,B
Journal of Social Policy,Cambridge University Press,0047-2794,1469-7823,3507,1972,A
Journal of Social Psychology,Taylor & Francis Online,0022-4545,1940-1183,3507,1930,B
"Journal of Social, Political and Economic Studies","Council for Social and Economic Studies, Inc.",0278-839X,,3801,1976,C
Journal of Sociology,Sage Publications,1440-7833,1741-2978,3507,1965,B
Journal of South Asian Development,Sage Publications,0973-1741,0973-1733,3801,2006,C
Journal of Southeast Asian Economies,ISEAS-Yusof Ishak Institute,2339-5095,2339-5206,3801,1984,C
Journal of Southeast Asian Studies,Cambridge University Press,0022-4634,1474-0680,3599,1960,C
Journal of Sport and Social Issues,Sage Publications,0193-7235,1552-7638,3504,1977,B
Journal of Sport and Tourism,Taylor & Francis Online,1477-5085,1029-5399,3508,1993,B
Journal of Sport Behavior,University of South Alabama,0162-7341,2641-3477,3504,1978,B
Journal of Sport for Development,jfsd.org,,2330-0574,3504,2013,B
Journal of Sport History,University of Illinois Press,0094-1700,,3504,1974,C
Journal of Sport Management,"Human Kinetics Publishers, Inc.",0888-4773,1543-270X,3504,1987,A
Journal of Sports Economics,Sage Publications,1527-0025,1552-7794,3899,2000,B
Journal of State Taxation,Panel Publishers,0744-6713,,4801,1982,C
Journal of Statistical Computation and Simulation,Taylor & Francis Online,0094-9655,1563-5163,4905,1972,C
Journal of Statistical Planning and Inference,Elsevier,0378-3758,1873-1171,4905,1977,A
Journal of Statistical Research,"Institute of Statistical Research and Training, University of Dacca, Bangladesh",0256-422X,,4905,1970,C
Journal of Statistical Software,Foundation for Open Access Statistics,1548-7660,,4905,1996,A
Journal of Statistical Theory and Applications,Springer International Publishing,1538-7887,2214-1766,4905,2002,C
Journal of Statistics and Management Systems,Taylor & Francis Online,0972-0510,2169-0014,4905,1998,C
Journal of Statistics and Data Science Education,Taylor & Francis Online,1069-1898,,4905,1993,B
Journal of Strategic Information Systems,Elsevier,0963-8687,1873-1198,4609,1991,A*
Journal of Strategic Marketing,Taylor & Francis Online,0965-254X,1466-4488,3506,1993,A
Journal of Strategy & Innovation,Elsevier,,3050-7901,3503,1990,C
Journal of Strategy and Management,Emerald Group Publishing,1755-425X,1755-425X,3507,2008,B
Journal of Supply Chain Management,Wiley-Blackwell Publishing,1523-2409,1745-493X,3509,1965,A*
Journal of Sustainable Finance & Investment,Taylor & Francis,2043-0795,2043-0809,3502,2011,B
Journal of Sustainable Real Estate,Taylor & Francis,1949-8276,1949-8284,3504,,C
Journal of Sustainable Tourism,Taylor & Francis Online,0966-9582,1747-7646,3508,1993,A*
Journal of Systems and Information Technology,Emerald Group Publishing,1328-7265,1758-8847,4609,1997,B
Journal of Tax Administration,University of Exeter Business School,2059-190X,,4801,2015,B
Journal of Taxation,Thomson Reuters,0022-4863,,4801,1954,B
Journal of Taxation of Investments,Civic Research Institute,0747-9115,1933-933X,4801,1983,C
Journal of Teaching in International Business,Taylor & Francis Online,0897-5930,1528-6991,3507,1989,C
Journal of Teaching in Travel & Tourism,Taylor & Francis,1531-3220,1531-3239,3508,2001,B
Journal of Technology Management & Innovation,Universidad Alberto Hurtado,,0718-2724,3507,2005,C
Journal of Technology Management in China,Emerald Group Publishing,1746-8779,1746-8787,3507,2006,C
Journal of Technology Transfer,Springer International Publishing,0892-9912,1573-7047,3507,1976,A
Journal of the Academy of Marketing Science,Springer International Publishing,0092-0703,1552-7824,3506,1973,A*
Journal of the American Statistical Association,Taylor & Francis Online,0162-1459,1537-274X,4905,1888,A*
Journal of the American Taxation Association,American Accounting Association,0198-9073,1558-8017,4801,1979,A
Journal of the Asia Pacific Economy,Taylor & Francis Online,1354-7860,1469-9648,3801,1995,B
Journal of the Association for Consumer Research,University of Chicago Press,2378-1815,2378-1823,3506,2016,B
Journal of the Association for Information Systems,Association for Information Systems (AIS),1536-9323,1558-3457,4609,2000,A*
Journal of the Association of Environmental and Resource Economists,University of Chicago Press,2333-5955,2333-5963,3801,2014,A*
Journal of the Australasian Law Academics Association,ALAA,1836-5612,,4801,2008,B
Journal of the Australasian Tax Teachers Association,University of New South Wales Business School,1832-911X,,4801,2005,B
Journal of the Economic and Social History of the Orient,Brill,0022-4995,1568-5209,3801,1957,B
Journal of the Economics of Ageing,Elsevier,2212-828X,,3801,2013,B
Journal of the European Economic Association,Oxford University Press,1542-4766,1542-4774,3801,2003,A*
Journal of the History of Economic Thought,Cambridge University Press,1053-8372,1469-9656,3803,1979,B
Journal of the International Council for Small Business,Taylor & Francis,2643-7015,2643-7023,3507,2020,C
Journal of the Japan Statistical Society,Japan Statistical Society,0389-5602,1348-6365,4905,1971,C
Journal of the Japanese and International Economies,Elsevier,0889-1583,1095-8681,3801,1987,A
Journal of the Knowledge Economy,Springer International Publishing,1868-7865,1868-7873,3899,2010,C
Journal of the New Economic Association,New Economic Association,2221-2264,,3899,2009,C
Journal of the Operational Research Society,Springer International Publishing,0160-5682,1476-9360,3507,1950,A
Journal of the Operations Research Society of Japan,International Academic Publishing Co. Ltd - The Operations Research Society of Japan,0453-4514,2188-8299,3507,1957,B
"Journal of the Royal Statistical Society, Series A (Statistics in Society)",Wiley-Blackwell Publishing,,1467-985X,4905,1838,A
"Journal of the Royal Statistical Society, Series B (Statistical Methodology)",Wiley-Blackwell Publishing,,1467-9868,4905,1934,A*
"Journal of the Royal Statistical Society, Series C (Applied Statistics)",Wiley-Blackwell Publishing,,1467-9876,4905,1952,A
"Journal of the Royal Statistical Society, Series D (The Statistician)",Wiley-Blackwell Publishing,,1467-9884,4905,1950,A
Journal of the Statistical and Social Inquiry Society of Ireland,"School of Mathematical Sciences, University College Dublin
Inquiry Society of Ireland",0081-4776,,4905,1846,C
Journal of the UK Association of Christian Economists,Association of Christian Economics,0956-3067,,3801,1985,C
Journal of Theoretical Probability,Springer International Publishing,0894-9840,1572-9230,4905,1988,A
Journal of Time Series Analysis,Wiley-Blackwell Publishing,0143-9782,1467-9892,3802,1980,A
Journal of Time Series Econometrics,De Gruyter,1941-1928,,3802,2008,B
Journal of Tourism and Cultural Change,Taylor & Francis Online,1476-6825,1747-7654,3508,2003,B
Journal of Tourism and Development (REVISTA TURISMO & DESENVOLVIMENTO - RT&D),University of Aveiro,2182-1453,2182-1453,3508,,C
Journal of Tourism and Services,"Center for International Scientific Research of VŠO and VŠPP , Czech",1804-5650,,3508,,C
Journal of Tourism Futures,Emerald Group Publishing,2055-5911,2055-592X,3508,2015,B
Journal of Tourism History,Taylor & Francis Online,1755-182X,1755-1838,3508,2009,C
"Journal of Tourism, Heritage & Services Marketing",International Hellenic University,2529-1947,2529-1947,3508,,C
"Journal of Tourism, Sustainability and Well-being",University of Algarve,2795-5044,,3508,,C
Journal of Transnational Management,Taylor & Francis Online,1547-5778,1547-5786,3507,2005,C
Journal of Transport and Health,Elsevier,2214-1405,,3509,2014,B
Journal of Transport and Land Use,University of Minnesota,1938-7849,,3509,2008,B
Journal of Transport Geography,Elsevier,0966-6923,1873-1236,3509,1993,A
Journal of Transport History,Sage Publications,0022-5266,1759-3999,3509,1953,C
"Journal of Transport, Economics and Policy",University of Bath,0022-5258,1754-5951,3509,1967,B
"Journal of Transportation Law, Logistics and Policy","Association of Transportation Law Professionals, Inc.",1078-5906,,3509,1935,C
Journal of Transportation Security,Springer International Publishing,1938-7741,1938-775X,3509,2008,B
Journal of Travel & Tourism Marketing,Taylor & Francis Online,1054-8408,1540-7306,3508,1992,A
Journal of Travel and Tourism Research,Adnan Menderes University,1302-8545,,3508,2001,C
Journal of Travel Research,Sage Publications,0047-2875,1552-6763,3508,1962,A*
Journal of Trust Research,Taylor & Francis Online,2151-5581,2151-559X,3503,2011,B
Journal of University Teaching and Learning Practice,,1449-9789,,3507,2004,C
Journal of Urban Affairs,Taylor & Francis Online,0735-2166,1467-9906,3599,1996,A
Journal of Urban Economics,Elsevier,0094-1190,1095-9068,3801,1974,A*
Journal of Urban Planning and Development,American Society of Civil Engineers,0733-9488,1943-5444,3509,1875,B
Journal of Vacation Marketing,Sage Publications,1356-7667,1479-1870,3508,1995,A
Journal of Vocational Behavior,Elsevier,0001-8791,1095-9084,3507,1971,A*
Journal of Vocational Education and Training,Taylor & Francis Online,1363-6820,1747-5090,3505,1996,B
Journal of Wine Economics,Cambridge University Press,1931-4361,1931-437X,3801,2006,C
Journal of Workplace Learning,Emerald Publishing,1366-5626,1758-7859,3505,1989,C
Journal of World Business,Elsevier,1090-9516,1878-5573,3507,1997,A*
Journal of World Investment and Trade,Brill,1660-7112,2211-9000,4801,2000,A
Journal of World Trade,Kluwer Law International,1011-6702,,3801,1965,B
Journal Transition Studies Review,Transition Academia Press,1614-4007,1614-4015,3801,1994,C
Judgment and Decision Making,Society for Judgment and Decision Making,1930-2975,,3599,2006,A
Juridical Review: law journal of Scottish universities,Sweet & Maxwell,0022-6785,,4801,1889,B
Jurnal Akuntansi dan Keuangan Indonesia,Universitas Indonesia,1829-8494,2406-9701,3501,,C
Jurnal Akuntansi Multiparadigma,"Universitas Brawijaya, Indonesia",2086-7603,2089-5879,3501,,C
Keio Economic Studies,Japan Publications Trading Co. Ltd,0022-9709,,3801,1963,C
Keizai Kagaku,Nagoya Daigaku Keizai Gakubu,0022-9725,,3801,1951,C
Kerala: an economic review,Trivandrum,0453-7440,,3801,1959,C
King's Law Journal,Taylor & Francis Online,0961-5768,1757-8442,4801,1936,B
Knowledge and Information Systems,Springer International Publishing,0219-1377,0219-3116,4609,1999,C
Knowledge and Process Management,Wiley-Blackwell Publishing,1092-4604,1099-1441,4609,1993,B
Knowledge Management Research and Practice,Taylor & Francis Online,1477-8238,1477-8246,4609,2003,A
Kobe Economic and Business Review,Kobe University,0075-6407,2185-5021,3801,1953,C
Kobe University Economic Review,Kobe University,0454-1111,,3801,1955,C
Korea and the World Economy,Association of Korean Economic Studies,2234-2346,,3801,2000,C
Korea Review of International Studies,Global Research Institute Korea University,1226-4741,,3599,,C
Korean Accounting Review,The Korean Accounting Association,1229-3288,2508-7193,3501,,C
Kyklos,Wiley-Blackwell Publishing,0023-5962,1467-6435,3801,1947,A
Kyoto Economic Review,Kyoto University,1349-6786,1349-6778,3801,1926,C
Labor History,Taylor & Francis Online,0023-656X,1469-9702,3505,1960,A
Labor Studies Journal,Sage Publications,0160-449X,1538-9758,3505,1976,B
Labor: Studies in working class history,Duke University Press,1547-6715,1558-1454,3505,2004,B
Labour,Wiley-Blackwell Publishing,1121-7081,1467-9914,3505,1987,B
Labour / Le Travail,Committee on Canadian Labour History,0700-3862,1911-4842,3505,1976,B
Labour & Industry,Taylor & Francis Online,1030-1763,2325-5676,3505,1987,B
Labour Economics,Elsevier,0927-5371,1879-1034,3801,1993,A*
Labour History Review,Liverpool University Press,0961-5652,1745-8188,3505,1960,B
Labour History: a journal of labour and social history,Liverpool University Press,0023-6942,0023-6942,3505,1962,A
Labour Law Journal,Wolters Kluwer,0023-6977,,4801,1949,C
Lahore Journal of Economics,Lahore School of Economics,1811-5438,1811-5446‎,3899,1997,C
Land Economics,University of Wisconsin Press,0023-7639,1543-8325,3801,1925,A
Land Use Policy,Elsevier,0264-8377,1873-5754,3599,1984,A
Language & Communication,Elsevier,0271-5309,1873-3395,3599,1981,B
Latin American Journal of Economics,Pontificia Universidad Catolica de Chile,0716-0046,0717-6821,3899,1963,C
Law and Financial Markets Review,Taylor & Francis Online,1752-1440,1752-1459,4801,2007,B
Law and Policy,Wiley-Blackwell Publishing,0265-8240,1467-9930,4801,1979,A
Law Quarterly Review,Sweet & Maxwell,0023-933X,,4801,1885,A*
Leadership,Sage Publications,1742-7150,1742-7169,3507,2005,B
Leadership & Organization Development Journal,Emerald Group Publishing,0143-7739,1472-5347,3507,1980,B
Leadership in Health Services,Emerald Group Publishing,1751-1879,1751-1887,3507,2007,C
Legal Education Review,Australasian Law Academics Association,1033-2839,1839-3713,4801,1989,C
Legal Issues in Business,Curtin University,1442-911X,,4801,1999,C
Legal Issues of Economic Integration,Kluwer Law International,1566-6573,0377-0915,4801,1972,A
Leisure,Taylor & Francis Online,1492-7713,2151-2221,3504,1999,B
Leisure Sciences: an interdisciplinary journal,Taylor & Francis Online,0149-0400,1521-0588,3504,1977,A
Leisure Studies,Taylor & Francis Online,0261-4367,1466-4496,3504,1982,A
Les Cahiers Scientifiques du Transport / Scientific Papers in Transportation,Association Francaise des Instituts de Transport et de Logistique,1150-8809,,3509,1979,C
Letters in Spatial and Resource Science,Springer Nature,,1864-404X,3801,,C
Library Management,Emerald Group Publishing,0143-5124,1758-7921,4609,1979,C
Lifetime Data Analysis: an international journal devoted to the methods and applications of reliability and survival analysis,Springer International Publishing,1380-7870,1572-9249,4905,1995,B
Lloyd's Maritime and Commercial Law Quarterly,Informa Law,0306-2945,,4801,1974,A
Lloyd's Shipping and Trade Law,Informa UK,1359-7701,1471-9614,4801,1996,B
Local Economy,Sage Publications,0269-0942,1470-9325,3801,1986,C
Local Government Studies,Taylor & Francis Online,0300-3930,1743-9388,3599,1971,A
Loisir et Societe (Society and Leisure),Taylor & Francis Online,0705-3436,1705-0154,3504,1978,B
Long Range Planning,Elsevier,0024-6301,1873-1872,3507,1968,A*
Macquarie Journal of Business Law,"Macquarie University, Division of Law",1449-0269,,4801,2004,C
Macquarie Law Journal,"Macquarie University, Division of Law",1445-386X,,4801,2001,C
Macroeconomic Dynamics,Cambridge University Press,1365-1005,1469-8056,3801,1997,A
Macroeconomics and Finance in Emerging Market Economies,Taylor & Francis Online,1752-0843,1752-0851,3803,2008,C
Malayan Law Journal,LexisNexis,0025-1283,0217-4189,4801,1932,C
Malaysian Journal of Economic Studies,Malaysian Economic Association,1511-4554,,3801,1964,C
Management,International Strategic Management Association,1286-4692,,3507,1998,B
Management & Organizational History,Sage Publications,1744-9359,1744-9367,3505,2005,C
Management & Sustainability: An Arab Review,Emerald Publishing,2752-9819,2752-9827,3507,2022,C
Management Accounting Frontiers,The Institute of Certified Management Accountants,1443-9905,1443-9913,3501,2002,C
Management Accounting Quarterly,"Institute of Management Accountants, Inc.",1528-5359,,3501,1999,C
Management Accounting Research,Elsevier,1044-5005,1096-1224,3501,1990,A*
Management and Accounting Review,Universiti Teknologi MARA,1675-4077,,3501,2002,C
Management and Labour Studies,Sage Publications,0258-042X,2321-0710,3505,1976,C
Management and Organization Review,Cambridge University Press,1740-8776,1740-8784,3507,2004,A
Management Communication Quarterly,Sage Publications,0893-3189,1552-6798,3507,1987,B
Management Control,Franco Angeli,2239-0391,2239-4397,3501,2011,C
Management Decision,Emerald Group Publishing,0025-1747,1758-6070,3507,1967,B
Management International Review,Springer International Publishing,0938-8249,1861-8901,3507,1961,A
Management Learning,Sage Publications,1350-5076,1461-7307,3507,1970,A
Management of Environmental Quality,Emerald Publishing,1477-7835,,3599,1990,C
Management Research,Emerald Group Publishing,1536-5433,,3507,2003,C
Management Research Review,Emerald Group Publishing,2040-8269,,3507,1978,C
Management Review Quarterly,Springer International Publishing,2198-1620,2198-1639,3507,2005,B
Management Science,INFORMS,0025-1909,1526-5501,3507,1954,A*
Management Teaching Review,Sage Publications,2379-2981,2379-2981,3507,2016,C
Management: Journal of Contemporary Management Issues,University of Split,1331-0194,1846-3363,3507,1996,C
Managerial and Decision Economics,Wiley-Blackwell Publishing,0143-6570,1099-1468,3801,1979,B
Managerial Auditing Journal,Emerald Group Publishing,0268-6902,1758-7735,3501,1986,A
Managerial Finance,Emerald Group Publishing,0307-4358,1758-7743,3502,1975,B
Managing Sport and Leisure,Taylor & Francis Online,2375-0472,2375-0480,3504,1996,B
Manchester Journal of International Economic Law,ElectronicPublications,1742-3945,,4801,2004,C
Manchester School,Wiley-Blackwell Publishing,1463-6786,1467-9957,3801,1930,B
Manufacturing and Service Operations Management,INFORMS,1523-4614,1526-5498,3509,1999,A*
Margin: The journal of applied economic research,Sage Publications,0973-8010,0973-8029,3801,2007,C
Marine Policy,Elsevier,0308-597X,1872-9460,4801,1977,A
Marine Resource Economics,University of Chicago Press,0738-1360,2334-5985,3801,1983,A
Maritime Business Review,Emerald,2397-3757,2397-3765,3509,2016,C
Maritime Economics & Logistics,Springer International Publishing,1479-2931,1479-294X,3801,1999,B
Maritime Policy and Management,Taylor & Francis Online,0308-8839,1464-5254,3509,1973,B
Market Microstructure and Liquidity,World Scientific,2382-6266,2424-8037,3502,2015,B
Marketing Bulletin,Massey University,1176-645X,,3506,1990,C
Marketing Education Review,Taylor & Francis Online,1052-8008,2153-9987,3506,1992,C
Marketing Health Services,American Marketing Association,1094-1304,,3506,1981,C
Marketing Intelligence & Planning,Emerald Group Publishing,0263-4503,1758-8049,3506,1983,A
Marketing Letters,Springer International Publishing,0923-0645,1573-059X,3506,1990,A
Marketing Science,INFORMS,0732-2399,1526-548X,3506,1982,A*
Marketing Theory,Sage Publications,1470-5931,1741-301X,3506,2001,A
Mathematical Finance,Wiley-Blackwell Publishing,0960-1627,1467-9965,3502,1991,A
Mathematical Methods in Economics and Finance,Universite Ca Foscari Venezia,1971-6419,1971-3878,3502,1969,C
Mathematical Methods of Statistics,Springer International Publishing,1066-5307,1934-8045,4905,1992,B
Mathematical Social Sciences,Elsevier,0165-4896,1879-3118,3801,1980,A
Mathematics and Financial Economics,Springer International Publishing,1862-9679,1862-9660,3801,2007,C
Mathematics of Operations Research,INFORMS,0364-765X,1526-5471,3507,1976,A
Measuring Business Excellence,Emerald Group Publishing,1368-3047,1758-8057,3507,1997,B
Media and Arts Law Review,LexisNexis,1325-1570,,4801,1992,C
Media Culture and Society,Sage Publications,0163-4437,1460-3675,3599,1979,B
Medical Law International,Sage Publications,0968-5332,2047-9441,4801,1993,C
Meditari Accountancy Research,Emerald Group Publishing,2049-372X,2049-3738,3501,1993,A
Melbourne Journal of International Law,The University of Melbourne,1444-8602,1444-8610,4801,2000,A
Melbourne University Law Review,Melbourne University Law Review Association,0025-8938,1839-3810,4801,1957,A*
Metrika: international journal for theoretical and applied statistics,Springer International Publishing,0026-1335,1435-926X,4905,1958,B
Metroeconomica: international review of economics,Wiley-Blackwell Publishing,0026-1386,1467-999X,3801,1949,B
Metron,Springer International Publishing,0026-1424,2281-695X,4905,1943,C
Middle East Business and Economic Review,Association for Middle East Economic Research,1035-3704,,3801,1989,C
Middle East Development Journal,Taylor & Francis Online,1793-8120,1793-8171,3899,2009,C
Millenium: journal of international studies,Sage Publications,0305-8298,1477-9021,3599,1971,B
Millennial Asia: An International Journal of Asian Studies,Sage Publications,0976-3996,2321-7081,3801,2010,C
Mineral Economics,Springer International Publishing,2191-2203,2191-2211,3899,1988,C
Minnesota Journal of Business Law and Entrepreneurship,University of Minnesota,1540-3270,,4801,2001,B
MIS Quarterly,University of Minnesota Press,0276-7783,2162-9730,4609,1977,A*
MIS Quarterly Executive,"Kelley School of Business, Department of Information Systems, Indiana University",1540-1960,1540-1979,4609,2002,A
MIT Sloan Management Review,MIT Press,1532-9194,1532-8937,3507,1960,A
Model Assisted Statistics and Applications,Sage Publications,1574-1699,1875-9068,4905,2005,C
Monash University Law Review,Monash University,0311-3140,,4801,1974,A
Monetary and Economic Studies,Bank of Japan's Institute for Monetary and Economic Studies (IMES),0288-8432,1348-7787,3801,1983,C
Money Affairs,Centre for Latin American Monetary Studies (CEMLA),0187-7615,0187-7615,3801,1988,C
Monte Carlo Methods and Applications,De Gruyter,,1569-3961,4905,1995,C
Motivation and Emotion,Springer International Publishing,0146-7239,1573-6644,3599,1977,A
Multinational Business Review,Emerald Group Publishing,1525-383X,2054-1686,3507,1993,B
Multinational Finance Journal,Multinational Finance Society,1096-1879,1096-2190,3502,1997,B
Narrative Inquiry,John Benjamins Publishing Company,1387-6740,1569-9935,3599,1991,B
National Economic Review,National Institute of Economic & Industry Research,0813-9474,,3801,1984,C
National Institute Economic Review,Sage Publications,0027-9501,1741-3036,3801,1959,B
National Tax Journal,National Tax Association,0028-0283,1944-7477,4801,1947,A
Naval Research Logistics,Wiley-Blackwell Publishing,0894-069X,1520-6750,3509,1954,B
NBER Macroeconomics Annual,University of Chicago Press,0889-3365,1537-2642,3803,1986,A
Negotiation and Conflict Management Research,Wiley-Blackwell Publishing,1750-4708,1750-4716,3505,2008,C
Negotiation Journal,MIT Press,0748-4526,1571-9979,3599,1985,B
Netnomics,Springer International Publishing,1385-9587,1573-7071,3899,1999,C
Networks and Spatial Economics,Springer International Publishing,1566-113X,1572-9427,3801,2001,B
New Directions for Evaluation,Wiley-Blackwell Publishing,1097-6736,1534-875X,3599,1979,B
New England Journal of Entrepreneurship,Emerald Group Publishing,1550-333X,2574-8904,3507,1998,C
New Law Journal,LexisNexis,0306-6479,,4801,1980,C
New Perspectives on Political Economy,Liberalni Institut,1801-0938,,3801,2005,C
New Political Economy,Taylor & Francis Online,1356-3467,1469-9923,3801,1996,A
"New Technology, Work & Employment",Wiley-Blackwell Publishing,0268-1072,1468-005X,3505,1986,A
New York Economic Review,New York State Economics Association,1090-5693,,3801,1971,C
New Zealand Business Law Quarterly,The University of Auckland / Thommson Reuters,1173-311X,,4801,1995,B
New Zealand Economic Papers,Taylor & Francis Online,0077-9954,1943-4863,3801,1966,B
New Zealand Intellectual Property Journal,LexisNexis,1359-9054,,4801,1995,B
New Zealand Journal of Applied Business Research,Unitec,1175-8007,2816-1602,3507,2002,C
New Zealand Journal of Employment Relations,ER Publishing Ltd.,1176-4716,1179-2965,3505,1976,B
New Zealand Journal of Human Resources Management,Human Resources Institute of New Zealand,1175-5407,1175-5407,3505,2001,C
New Zealand Journal of Taxation Law and Policy,Thomson Reuters,1322-4417,,4801,1994,A
New Zealand Law Journal,LexisNexis,0028-8373,,4801,1925,B
New Zealand Law Review,University of Auckland,1173-5864,,4801,1989,B
New Zealand Population Review,Population Association of New Zealand,0111-199X,,3599,1980,C
New Zealand Universities Law Review,Thomson Reuters,0549-0618,,4801,1963,A
New Zealand Yearbook of International Law,University of Canterbury,1176-6417,,4801,2004,C
NMIMS Management Review,Sage Publications,0971-1023,3049-5040,3507,1987,C
Nonprofit and Voluntary Sector Quarterly,Sage Publications,0899-7640,1552-7395,3507,1972,A
Nonprofit Management and Leadership,Wiley-Blackwell Publishing,1048-6682,1542-7854,3507,1990,B
Nordic Journal of Commercial Law,Aalborg University,1459-9686,,4801,2003,C
Nordic Journal of Political Economy,Institutt for Samfunnsforskning,0345-8555,,3801,1974,C
North American Actuarial Journal,Taylor & Francis Online,1092-0277,2325-0453,3502,1997,A
North Carolina Banking Institute Journal (fomerly the University of North Carolina School of Law Banking Institute),University of North Carolina School of Law,1096-7249,,4801,1997,C
Northeastern Journal of Agricultural and Resource Economics,University of Minnesota Department of Applied Economics,0899-367X,,3899,1972,C
Northern Economic Review,"Centre for Urban and Regional Development Studies, University of Newcastle, UK",0262-0383,,3801,1981,C
Northwestern Journal of International Law & Business,Northwestern University Press,0196-3228,,4801,1978,B
Norton Journal of Bankruptcy Law and Practice,Thomson Reuters,1059-048X,,4801,1991,C
Nova Economia: the journal of the economics department at UFMG,"Universidade Federal de Minas Gerais, Department of Economics, Brasil",0103-6351,1980-5381,3801,1990,C
NYU Journal of Law and Business,New York University School of Law,1558-5778,,4801,2004,C
"Oil, Gas and Energy Quarterly",Matthew Bender / LexisNexis,1096-9195,,4801,1978,C
Omega,Elsevier,0305-0483,1873-5274,3503,1973,A
Online Information Review,Emerald Group Publishing Limited,1468-4527,1468-4535,4609,1977,B
OPEC Energy Review,Wiley-Blackwell Publishing,1753-0229,1753-0237,3801,1976,C
Open Economies Review,Springer International Publishing,0923-7992,1573-708X,3801,1990,B
Operational Research,Springer International Publishing,1109-2858,1866-1505,3509,2001,C
Operations and Supply Chain Management,Operations and Supply Chain Management Forum,1979-3561,1979-3871,3509,2008,C
Operations Management Research,Springer International Publishing,1936-9735,1936-9743,3507,2008,C
Operations Research,INFORMS,0030-364X,1526-5463,3507,1952,A*
Operations Research Letters,Elsevier,0167-6377,1872-7468,3507,1981,B
Opsearch,Springer International Publishing,0030-3887,0975-0320,3507,1964,C
Optimal Control Applications and Methods,Wiley-Blackwell Publishing,0143-2087,1099-1514,3507,1979,B
Optimization,Taylor & Francis Online,0233-1934,1029-4945,3507,1970,C
OR Spectrum,Springer International Publishing,0171-6468,1436-6304,3507,1979,B
Oregon Law Review,University of Oregon,0196-2043,,4801,1921,A
Organization,Sage Publications,1350-5084,1461-7323,3507,1994,A
Organization & Environment,Sage Publications,1086-0266,1552-7417,3507,1987,A
Organization Development Journal,International Society for Organization Development and Change,0889-6402,,3505,1983,C
Organization Management Journal,Taylor & Francis Online,1541-6518,,3507,2004,B
Organization Science,INFORMS,1047-7039,1526-5455,3507,1990,A*
Organization Studies,Sage Publications,0170-8406,1741-3044,3507,1980,A*
Organization Theory,Sage Publications,2631-7877,2631-7877,3507,2020,A
Organizational Behavior and Human Decision Processes,Elsevier,0749-5978,1095-9920,3507,1966,A*
Organizational Dynamics,Elsevier,0090-2616,1873-3530,3507,1972,A
Organizational Psychology Review,Sage Publications,2041-3866,2041-3874,3507,2011,A
Organizational Research Methods,Sage Publications,1094-4281,1552-7425,3507,1998,A*
Osgoode Hall Law Journal,Osgoode Hall Law School of York University,0030-6185,,4801,1958,A
Otago Law Review,University of Otago,0078-6918,,4801,1965,C
Oxford Bulletin of Economics and Statistics,Wiley-Blackwell Publishing,0305-9049,1468-0084,3802,1939,A
Oxford Development Studies,Taylor & Francis Online,1360-0818,1469-9966,3801,1972,B
Oxford Economic Papers,Oxford University Press,0030-7653,1464-3812,3801,1938,A
Oxford Journal of Legal Studies,Oxford University Press,0143-6503,1464-3820,4801,1981,A
Oxford Review of Economic Policy,Oxford University Press,0266-903X,1460-2121,3801,1985,A
Oxford University Commonwealth Law Journal,Taylor & Francis Online,1472-9342,1757-8469,4801,2001,A*
Oxonomics: Oxford university economic studies,Wiley-Blackwell Publishing,1752-5195,1752-5209,3801,2006,B
Pacific Accounting Review,Emerald Group Publishing,0114-0582,2041-5494,3501,1988,B
Pacific Affairs: an international review of Asia and the Pacific,University of British Columbia,0030-851X,1715-3379,3599,1927,B
Pacific Asia Journal of the Association for Information Systems,Association for Information Systems (AIS),,1943-7544,4609,2009,B
Pacific Economic Bulletin,Australian National University,0817-8038,,3801,1986,C
Pacific Economic Review,Wiley-Blackwell Publishing,1361-374X,1468-0106,3801,1996,B
Pacific Rim Property Research Journal,Pacific Rim Real Estate Society,1444-5921,2201-6716,3504,1995,C
Pacific-Basin Finance Journal,Elsevier,0927-538X,1879-0585,3502,1993,A
Pakistan Development Review,Pakistan Institute of Development Economics,0030-9729,,3801,1961,C
Pakistan Economic and Social Review,"Lahore University, Department of Economics",1011-002X,2224-4174,3801,1952,C
Pakistan Journal of Applied Economics,University of Karachi,0254-9204,,3801,1982,C
Pakistan Journal of Statistics,Pakistan Journal of Statistics,1012-9367,,4905,1985,C
Papers in Regional Science,Wiley-Blackwell Publishing,1056-8190,1435-5957,3801,1955,A
Parliamentary Affairs,Oxford University Press,0031-2290,1460-2482,3599,1947,B
Pasos. Journal of Tourism and Cultural Heritage,"The Institute for Social and Tourism Research of University of La Laguna, Portugal",1695-7121,,3508,2003,C
"Peace Economics, Peace Science and Public Policy",De Gruyter,1554-8597,1079-2457,3899,1997,C
Pennsylvania Economic Review,Pennsylvania Economic Association,1531-0949,,3801,2008,C
Pepperdine Law Review,Pepperdine University School of Law,0092-430X,,4801,1973,C
Performance Measurement and Metrics,Emerald Group Publishing,1467-8047,1758-6925,3505,2000,C
Personality and Individual Differences,Elsevier,0191-8869,1873-3549,3507,1980,A
Personality and Social Psychology Bulletin,Sage Publications,0146-1672,1552-7433,3507,1974,A*
Personnel Psychology,Wiley-Blackwell Publishing,0031-5826,1744-6570,3507,1948,A*
Personnel Review,Emerald Group Publishing,0048-3486,1758-6933,3505,1971,A
"Perspectives of Innovations, Economics & Business",Prague Development Center,1804-0519,,3899,2009,C
Perspectives on Work,University of Illinois Press,1534-9276,1534-9276,3505,1997,C
PharmacoEconomics,Springer International Publishing,1170-7690,1179-2027,3899,1992,A
Philippine Journal of Labor and Industrial Relations,"University of the Philippines, School of Labor and Industrial Relations",0115-6373,0115-6373,3505,1978,C
Philippine Review of Economics,University of the Phillipines,1655-1516,,3899,1964,C
Philosophy & Public Affairs,Wiley-Blackwell Publishing,0048-3915,1088-4963,3599,1971,A
Philosophy of Management,Springer International Publishing,1740-3812,2052-9597,3507,2001,B
Philosophy of the Social Sciences,Sage Publications,0048-3931,1552-7441,3599,1971,B
Pittsburgh Tax Review,University of Pittsburgh School of Law,1932-1821,,4801,2003,C
Place Branding and Public Diplomacy,Springer International Publishing,1751-8040,1751-8059,3508,2004,B
Policy and Politics: an international journal,Policy Press,0305-5736,1470-8442,3599,1972,A
Policy and Society,Oxford University Press,1449-4035,1839-3373,3599,1981,B
Policy Science,Springer International Publishing,0032-2687,1573-0891,3599,1970,B
Policy Studies,Taylor & Francis Online,0144-2872,1470-1006,3599,1980,B
Policy Studies Journal,Wiley-Blackwell Publishing,0190-292X,1541-0072,3599,1972,B
Political Communication,Taylor & Francis Online,1058-4609,1091-7675,3599,1980,A
Political Quarterly,Wiley-Blackwell Publishing,,1467-923X,3599,1930,B
Political Science Quarterly,Oxford University Press,,1538-165X,3599,1886,A
Political Studies,Sage Publications,0032-3217,1467-9248,3599,1953,B
"Politicka Ekonomie: teorie, modelovani, aplikace",Vysok akola ekonomick v Praze,0032-3233,,3801,1953,B
Politics and Gender,Cambridge University Press,1743-923X,1743-9248,3599,2005,A
Politics and Society,Sage Publications,0032-3292,1552-7514,3599,1970,B
"Politics, Philosophy & Economics",Sage Publications,1470-594X,1741-3060,3899,2002,B
Population,Institut national d'Etudes demographiques,1634-2941,,3599,1946,B
Population and Development Review,Wiley-Blackwell Publishing,0098-7921,1728-4457,3599,1975,A
Population and Environment,Springer International Publishing,0199-0039,1573-7810,3599,1978,A
Population Bulletin,Population Reference Bureau,0032-468X,,3599,1945,C
Population Research and Policy Review,Springer International Publishing,0167-5923,1573-7829,3599,1982,A
Population Studies: a journal of demography,Taylor & Francis Online,0032-4728,1477-4747,3599,1947,A
"Population, Space and Place",Wiley-Blackwell Publishing,1544-8444,1544-8452,3599,1995,A
Portuguese Economic Journal,Springer International Publishing,1617-982X,1617-9838,3801,2002,C
Post-Communist Economies,Taylor & Francis Online,1463-1377,1465-3958,3801,1999,B
Post-Soviet Affairs,Taylor & Francis Online,1060-586X,1938-2855,3599,1985,B
Prague Economic Papers,"University of Economics, Prague",1210-0455,2336-730X,3801,1992,C
PRism,"Center for Culture-Centered Approach to Research and Evaluation
Massey University",1448-4404,,3506,2003,B
Probability Theory and Related Fields,Springer International Publishing,0178-8051,1432-2064,4905,1962,A*
Problems of Development / Problemas del Desarrollo,National Autonomous University of Mexico,0301-7036,2007-8951,3801,1969,C
Problems of Economic Transition,Taylor & Francis Online,1061-1991,1557-931X,3801,1958,B
Production and Operations Management,Sage Publications,1059-1478,1937-5956,3509,1992,A*
Production Planning and Control,Taylor & Francis Online,0953-7287,1366-5871,3507,1990,A
Progress in Development Studies,Sage Publications,1464-9934,1477-027X,3801,2001,C
Project Leadership & Society,Elsevier Ltd,,2666-7215,3507,2020,C
Project Management Journal,Sage Publications,8756-9728,1938-9507,3507,1970,B
Prometheus: Critical Studies in Innovation,Taylor & Francis Online,0810-9028,1470-1030,3507,1983,B
Property Management,Emerald Group Publishing,0263-7472,1758-731X,3504,1982,B
Psychological Bulletin,American Psychological Association,0033-2909,1939-1455,3507,1904,A*
Psychological Methods,American Psychological Association,1082-989X,1939-1463,3507,1996,B
Psychological Research,Springer International Publishing,0340-0727,1430-2772,3507,1921,A
Psychological Review,American Psychological Association,0033-295X,1939-1471,3507,1894,A*
Psychological Science,Sage Publications,0956-7976,1467-9280,3507,1990,A*
Psychology & Marketing,Wiley-Blackwell Publishing,0742-6046,1520-6793,3506,1984,A
Psychology of Women Quarterly,Sage Publications,0361-6843,1471-6402,3507,1976,A
Public Administration and Development,Wiley-Blackwell Publishing,0271-2075,1099-162X,3599,1949,A
Public Administration Quarterly,Sage Publications,0734-9149,2327-4433,3599,1977,A
Public Administration Review,Wiley-Blackwell Publishing,0033-3352,1540-6210,3599,1940,A
Public Administration: an international journal,Wiley-Blackwell Publishing,0033-3298,1467-9299,3599,1922,A
Public Budgeting & Finance,Wiley-Blackwell Publishing,0275-1100,1540-5850,3801,1981,C
Public Choice,Springer International Publishing,0048-5829,1573-7101,3801,1968,A
Public Finance Analysis / FinanzArchiv,Mohr Siebeck Verlag,0015-2218,1614-0974,3502,1884,B
Public Finance and Management,Sage Publications,1523-9721,,3502,2001,B
Public Finance Review,Sage Publications,1091-1421,1552-7530,3801,1973,B
Public Law: the constitutional and administrative law of the Commonwealth,Sweet & Maxwell,0033-3565,,4801,1956,A
Public Management Review,Taylor & Francis Online,1471-9037,1471-9045,3507,1999,A
Public Money & Management,Taylor & Francis Online,0954-0962,1467-9302,3507,1981,A
Public Opinion Quarterly,Oxford University Press,0033-362X,1537-5331,3599,1937,A
Public Performance & Management Review,Taylor & Francis Online,1530-9576,1557-9271,3507,1975,B
Public Personnel Management,Sage Publications,0091-0260,1945-7421,3507,1972,B
Public Policy and Administration,Sage Publications,0952-0767,1749-4192,3599,1986,B
Public Policy Research,Wiley-Blackwell Publishing,1744-5396,,3899,,C
Public Relations Inquiry,Sage Publications,2046-147X,2046-1488,3506,2012,B
Public Relations Review,Elsevier,0363-8111,1873-4537,3506,1975,A
Publishing Research Quarterly,Springer International Publishing,1053-8801,1936-4792,3599,1985,C
"Q Open: A Journal of Agricultural, Climate, Environmental, Food, Resource, and Rural Development Economics",Oxford Academic,,2633-9048,3801,,C
Qualitative Market Research: an international journal,Emerald Group Publishing,1352-2752,1758-7646,3506,1998,B
Qualitative Research in Accounting and Management,Emerald Group Publishing,1176-6093,1758-7654,3501,2004,A
Qualitative Research in Financial Markets,Emerald Group Publishing,1755-4179,1755-4187,3502,2009,B
Qualitative Research in Organizations and Management,Emerald Group Publishing,1746-5648,1746-5656,3507,2006,B
Quality & Quantity,Springer International Publishing,0033-5177,1573-7845,3599,1967,B
Quality Management Journal,Taylor & Francis Online,1068-6967,2575-6222,3509,1993,B
Quality of Life Research,Springer International Publishing,0962-9343,1573-2649,3599,1992,A
Quality Technology and Quantitative Management,Taylor & Francis,,1684-3703,3503,,C
Quantitative Economics,Wiley-Blackwell Publishing,1759-7323,1759-7331,3802,2010,A*
Quantitative Finance,Taylor & Francis Online,1469-7688,1469-7696,3502,2001,A
Quantitative Marketing and Economics,Springer International Publishing,1570-7156,1573-711X,3506,2003,A
Quarterly Journal of Experimental Psychology,Sage Publications,1747-0218,1747-0226,3507,1948,A
Quarterly Journal of Finance,World Scientific Publishing,2010-1392,2010-1406,3502,,A
Quarterly Journal of Finance and Accounting,Creighton University,0747-5535,,3501,1962,B
Quarterly Journal of Political Science,Now Publishers,1554-0626,1554-0634,3599,2006,B
Quarterly Review of Economics and Finance,Elsevier,1062-9769,1878-4259,3801,1993,B
Queen Mary Journal of Intellectual Property,Elgar Online,2045-9807,2045-9815,4801,2011,B
Quest,Taylor & Francis Online,0033-6297,1543-2750,3504,1963,C
QUT Law Review,Queensland University of Technology,1445-6230,1445-6249,4801,1985,C
R&D Management,Wiley-Blackwell Publishing,0033-6807,1467-9310,3507,1970,A
RAE-Revista de Administracao de Empresas,Fundacao Getulio Vargas School of Business Administration,0034-7590,2178-938X,3507,1961,C
RAND Journal of Economics,Wiley-Blackwell Publishing,0741-6261,1756-2171,3801,1970,A*
Rationality and Society,Sage Publications,1043-4631,1461-7358,3599,,B
Reading in Political Economy,,0305-814X,0079-9874,3801,1967,C
Real Estate Economics,Wiley-Blackwell Publishing,1080-8620,1540-6229,3502,1973,A
Real Estate Law Journal,"Warren, Gorham & Lamont",0048-6868,,4801,1972,C
Real Estate Taxation,Thomson Reuters,1538-3792,,4801,1973,C
"Real Property, Trust and Estate Law Journal",American Bar Association,0034-0855,1540-8469,4801,1966,C
Recherches Economiques de Louvain,De Boeck Superior,0770-4518,1782-1495,3801,1929,B
Records Management Journal,Emerald Group Publishing,0956-5698,,4609,1989,C
Reflets et Perspectives de la Vie Economique,De Boeck Superior,0034-2971,1782-1509,3801,1961,C
Regional Science and Urban Economics,Elsevier,0166-0462,1879-2308,3801,1971,A
Regional Studies,Taylor & Francis Online,0034-3404,1360-0591,3599,1967,A*
"Regional Studies, Regional Science",Taylor & Francis Online,,2168-1376,3599,2014,A
Regulation and Governance,Wiley-Blackwell Publishing,,1748-5991,4801,2007,A
Relations Industrielles/Industrial Relations,"Industrial Relations Department, Universite Laval",0034-379X,1703-8138,3505,1945,B
Reliability Engineering & System Safety,Elsevier,0951-8320,1879-0836,3505,1980,A
Renewable and Sustainable Energy Reviews,Elsevier ScienceDirect,1364-0321,1879-0690,3801,,A
Research Evaluation,Oxford University Press,0958-2029,1471-5449,3507,1991,C
Research in Consumer Behavior: a research annual,Emerald Group Publishing,0885-2111,,3506,1985,C
Research in Economics,Elsevier,1090-9443,1090-9451,3801,1947,B
Research in Experimental Economics,Emerald Group Publishing,0193-2306,1875-7537,3801,1993,B
Research in Finance,Elsevier,0196-3821,0882-3138,3502,1983,C
Research in Financial Services,Elsevier,1052-7788,,3502,1989,C
Research in Hospitality Management,Taylor & Francis,2224-3534,2415-5152,3508,,C
Research in International Business and Finance,Elsevier,0275-5319,1878-3384,3502,1987,A
Research in Organizational Behavior,Elsevier,0191-3085,,3507,1979,A
Research in the History of Economic Thought and Methodology,Emerald Group Publishing,0743-4154,,3801,1983,C
Research in the Sociology of Organizations,Emerald Group Publishing,0733-558X,,3507,1982,B
Research in Transportation Business & Management,Elsevier,2210-5395,,3509,2011,B
Research in Transportation Economics,Elsevier,0739-8859,1875-7979,3509,1994,B
Research on Professional Responsibility and Ethics in Accounting,Emerald Group Publishing,1574-0765,,3501,1995,B
Research Policy,Elsevier,0048-7333,1873-7625,3507,1971,A*
Research-Technology Management,Taylor & Francis Online,0895-6308,1930-0166,3507,1958,B
Resource and Energy Economics,Elsevier,0928-7655,,3801,1978,A
Resources Policy,Elsevier,0301-4207,1873-7641,3801,1974,B
Restitution Law Review,Marenex Press,1351-170X,,4801,1993,A
Rethinking Marxism,Taylor & Francis Online,0893-5696,1475-8059,3899,1988,C
Revenue Law Journal,Bond Faculty of Law Review Editorial Committee,1034-7747,2202-4859,4801,1990,B
Review of Accounting and Finance,Emerald Group Publishing,1475-7702,1758-7700,3501,2002,B
Review of Accounting Studies,Springer International Publishing,1380-6653,1573-7136,3501,1996,A*
Review of African Political Economy,Taylor & Francis Online,0305-6244,1740-1720,3801,1974,C
Review of Asset Pricing Studies,Oxford University Press,2045-9920,2045-9939,3502,2011,A*
Review of Behavioral Economics,Now Publishers,2326-6198,2326-6201,3801,2014,B
Review of Behavioral Finance,Emerald Group Publishing Limited,1940-5979,1940-5987,3502,2009,B
Review of Corporate Finance,Now Publishers,2693-9312,2693-9320,3502,2021,A
Review of Corporate Finance Studies,Oxford University Press,2046-9128,2046-9136,3502,2012,A*
Review of Derivatives Research,Springer International Publishing,1380-6645,1573-7144,3502,1996,B
Review of Development Economics,Wiley-Blackwell Publishing,1363-6669,1467-9361,3801,1997,A
Review of Economic Analysis,Rimini Centre for Economic Analysis,1973-3909,,3801,2009,B
Review of Economic and Business Studies,Sciendo,1843-763X,2068-7249,3801,2008,C
Review of Economic Design,Springer International Publishing,1434-4742,1434-4750,3801,1994,B
Review of Economic Dynamics,Elsevier,1094-2025,1096-6099,3801,1998,A*
Review of Economics (Jahrbuch fur Wirtschaftswissenschaften),De Gruyter,,2366-035X,3801,1950,C
Review of Economics and Political Science,Emerald Publishing,2631-3561,2631-3561,3801,,C
Review of Economics of the Household,Springer International Publishing,1569-5239,1573-7152,3801,2003,A
Review of Environmental Economics and Policy,Oxford University Press,1750-6816,1750-6824,3801,2007,A
Review of Finance,Oxford University Press,1572-3097,1573-692X,3502,2004,A*
Review of Financial Economics,Wiley-Blackwell Publishing,1058-3300,1873-5924,3502,1972,B
Review of Futures Markets,"Kent State University, Ohio",1933-7116,,3502,,B
Review of Income and Wealth,Wiley-Blackwell Publishing,,1475-4991,3801,1966,A
Review of Industrial Organization,Springer International Publishing,0889-938X,1573-7160,3801,1984,A
Review of International Business and Strategy,Emerald Group Publishing,2059-6014,,3507,1991,B
Review of International Economics,Wiley-Blackwell Publishing,0965-7576,1467-9396,3801,1992,A
Review of International Organizations,Springer International Publishing,1559-7431,1559-744X,3507,2006,C
Review of International Political Economy,Taylor & Francis Online,0969-2290,1466-4526,3801,1994,A
Review of International Studies,Cambridge University Press,0260-2105,1469-9044,3599,1975,B
Review of Islamic Economics,International Association of Islamic Economics and the Islamic Foundation,0962-2055,,3801,1991,C
Review of Keynesian Economics,Edward Elgar Publishing,2049-5323,2049-5331,3801,2012,C
Review of Law & Economics,De Gruyter,2194-6000,1555-5879,3801,2005,B
Review of Managerial Science,Springer Nature,1863-6691,1863-6683,3507,2007,A
Review of Marketing and Agricultural Economics,Australian Agricultural Economics Society,0034-6616,0034-3409,3899,1933,C
Review of Marketing Science,De Gruyter,2194-5985,1546-5616,3506,2003,C
Review of Middle East Economics and Finance,De Gruyter,1475-3685,1475-3693,3801,2003,C
Review of Pacific Basin Financial Markets and Policies,World Scientific Publishing,0219-0915,1793-6705,3502,1998,B
Review of Political Economy,Taylor & Francis Online,0953-8259,1465-3982,3801,1989,B
Review of Public Personnel Administration,Sage Publications,0734-371X,1552-759X,3505,1980,B
Review of Quantitative Finance and Accounting,Springer International Publishing,0924-865X,1573-7179,3502,1991,B
Review of Radical Political Economics,Sage Publications,0486-6134,1552-8502,3801,1969,B
Review of Regional Studies,Southern Regional Science Association,1553-0892,0048-749X,3599,1970,C
Review of Social Economy,Taylor & Francis Online,0034-6764,1470-1162,3801,1942,B
Review of the Economic Research on Copyright Issues,Society for Economic Research on Copyright Issues,1698-1359,1698-1367,4801,2004,B
Review of Urban & Regional Development Studies,Wiley-Blackwell Publishing,0917-0553,1467-940X,3801,1989,B
Review of World Economics,Springer International Publishing,1610-2878,1610-2886,3801,1913,B
Review on Economic Cycles,The International Association of Economic Cycles,1578-8091,,3801,2000,C
Revista de Economia,Universidade Federal do Parana,0556-5782,2316-9397,3803,1960,C
Revista do CAAP,Federal University of Minas Gerais,1415-0344,2238-3840,4801,1996,C
Revue d'Etudes Comparatives Est-Ouest: economies et techniques de planification - droit et sciences sociales,Centre national de la recherche scientifique,0338-0599,2259-6100,3801,1970,B
Revue de l'OFCE,CAIRN International,1265-9576,1777-5647,3801,1982,C
Richmond Journal of Global Law and Business,University of Richmond,1933-7000,,4801,1998,C
Rikkyo Economic Review,Economic Society of Rikkyo University,0035-5356,,3801,1938,C
Risk Management,Springer International Publishing,1460-3799,1743-4637,3507,1999,C
Risk Management and Insurance Review,Wiley-Blackwell Publishing,1098-1616,1540-6296,3502,1997,C
Romanian Economic Business Review,Romanian-American University,1842-2497,2344-4843,3899,2006,C
Romanian Journal of Economic Forecasting,Institute for Economic Forecasting (IEF),1582-6163,2537-6071,3802,2000,C
Russian Journal of Economics,"Non-profit partnership ""Redaktsiya zhurnala Voprosy Ekonomiki""",2618-7213,2405-4739,3801,,C
Rutgers Business Law Review,Rutgers University,1937-0563,1937-0571,4801,2006,C
Rutgers Business Review,Rutgers Business School,2474-2376,2474-6509,3507,2016,B
Rutgers Computer and Technology Law Journal,Rutgers Law School,0735-8938,,4801,1970,B
Safety Science,Elsevier,0925-7535,,3505,1991,A
Scandinavian Actuarial Journal,Taylor & Francis Online,0346-1238,1651-2030,3502,1918,A
Scandinavian Economic History Review,Taylor & Francis Online,0358-5522,1750-2837,3801,1900,C
Scandinavian Journal of Economics,Wiley-Blackwell Publishing,0347-0520,1467-9442,3801,1899,A
Scandinavian Journal of Hospitality and Tourism,Taylor & Francis Online,1502-2250,1502-2269,3508,2001,A
Scandinavian Journal of Information Systems,University of Aalborg,0905-0167,,4609,1989,A
Scandinavian Journal of Management,Elsevier,0956-5221,1873-3387,3507,1984,B
Scandinavian Journal of Statistics,Wiley-Blackwell Publishing,,1467-9469,4905,1974,A
Science & Society,"S&S Quarterly, Inc.",0036-8237,,3801,1936,B
Science and Public Policy,Oxford University Press,0302-3427,1471-5430,3599,1974,C
Science Communication,Sage Publications,1075-5470,1552-8545,3599,1994,A
"Science, Technology and Society",Sage Publications,0971-7218,0973-0796,4609,1996,B
"Science, Technology, & Human Values",Sage Publications,0162-2439,1552-8251,3503,1976,A
Scientometrics,Springer International Publishing,0138-9130,1588-2861,3599,1979,A
Scottish Journal of Political Economy,Wiley-Blackwell Publishing,0036-9292,1467-9485,3801,1954,A
Security Dialogue,Sage Publications,0967-0106,1460-3640,3599,1970,A
Security Studies,Taylor & Francis Online,0963-6412,1556-1852,3599,1991,B
Selection and Development Review,British Psychological Society,0963-2638,0963-2638,3505,1984,C
Seoul Journal of Business,Seoul National University,1226-9816,1226-9816,3507,1995,C
SERIEs: Journal of the Spanish Economic Association,Springer International Publishing,1869-4187,1869-4195,3801,2010,B
Service Business,Springer International Publishing,1862-8516,1862-8508,3506,2007,B
Service Industries Journal,Taylor & Francis Online,0264-2069,1743-9507,3507,1983,B
Service Science,INFORMS,2164-3970,,3507,2006,B
Services Marketing Quarterly,Taylor & Francis Online,1533-2969,1533-2977,3506,2001,B
Sex Roles,Springer International Publishing,0360-0025,1573-2762,3507,1975,A
SIAM Journal on Applied Mathematics,SIAM Publications Online,0036-1399,1095-712X,3502,1953,A
SIAM Journal on Financial Mathematics,Society for Industrial and Applied Mathematics,,1945-497X,3502,2010,B
Singapore Academy of Law Journal,Singapore Academy of Law,0218-2009,,4801,1989,C
Singapore Economic Review,World Scientific Publishing,0217-5908,1793-6837,3801,1956,B
Singapore Journal of Legal Studies,National University of Singapore,0218-2173,,4801,1959,A
Small Business Economics,Springer International Publishing,0921-898X,1573-0913,3507,1989,A
Small Enterprise Research,Taylor & Francis Online,1321-5906,1175-0979,3507,1992,B
Small Group Research,Sage Publications,1046-4964,1552-8278,3507,1969,A
Smart and Sustainable Built Environment,Emerald Group Publishing Ltd,2046-6099,2046-6102,3504,2012,C
Soccer & Society,Taylor & Francis Online,1466-0970,1743-9590,3504,2000,C
Social and Economic Studies,"Sir Arthur Lewis Institute of Social and Economic Studies, The University of the West Indies",0037-7651,,3801,1953,C
Social and Environmental Accountability Journal,Taylor & Francis Online,0969-160X,2156-2245,3501,1982,B
Social Choice and Welfare,Springer International Publishing,0176-1714,1432-217X,3801,1984,A
Social Enterprise Journal,Emerald Group Publishing,1750-8614,1750-8533,3507,2005,C
Social Forces,Oxford University Press,0037-7732,1534-7605,3507,1925,A
Social Indicators Research,Springer International Publishing,0303-8300,1573-0921,3599,1974,A
Social Justice Research,Springer International Publishing,0885-7466,1573-6725,3599,1987,B
Social Marketing Quarterly,Sage Publications,1524-5004,1539-4093,3506,1993,B
Social Policy & Administration,Wiley-Blackwell Publishing,0144-5596,1467-9515,3599,1967,A
Social Problems,Oxford University Press,0037-7791,1533-8533,3507,1953,A
Social Psychological and Personality Science,Sage Publications,1948-5506,1948-5514,3507,2010,B
Social Responsibility Journal,Emerald Group Publishing,1747-1117,1758-857X,3501,2005,B
Social Science & Medicine,Elsevier ScienceDirect,0277-9536,1873-5347,3899,,A
Social Science Information,Sage Publications,0539-0184,1461-7412,3507,1961,C
Social Science Japan Journal,Oxford University Press,1369-1465,1468-2680,3599,1998,C
Social Science Quarterly,Wiley-Blackwell Publishing,0038-4941,1540-6237,3599,1920,B
Social Service Review,The University of Chicago Press,0037-7961,1537-5404,3507,1927,B
Society and Business Review,Emerald Group Publishing,1746-5680,1746-5699,3507,2006,B
Society and Economy in Central and Eastern Europe,Akademiai Kiado,1588-9726,1588-970X,3801,1979,C
Socio-Economic Planning Sciences,Elsevier,0038-0121,1873-6041,3899,1967,C
Socio-Economic Review,Oxford University Press,1475-1461,1475-147X,3801,2003,A
SocioEconomic Challenges,Sumy State University,2520-6621,2520-6214,3801,2017,C
Sociological Inquiry,Wiley-Blackwell Publishing,,1475-682X,3507,1930,A
Sociological Methodology,Sage Publications,0081-1750,1467-9531,3507,1969,A
Sociological Theory,Sage Publications,0735-2751,1467-9558,3507,1983,A
Sociologie du Travail,Elsevier,0038-0296,1777-5701,3505,1959,B
Sociology,Sage Publications,0038-0385,1469-8684,3507,1967,A*
Sociology of Sport Journal,"Human Kinetics Publishers, Inc.",0741-1235,1543-2785,3504,1984,A
South African Journal of Accounting Research,Routledge,1029-1954,,3501,1987,C
South African Journal of Business Management,African Online Scientific Information Systems,2078-5585,,3507,1969,C
South African Journal of Economic and Management Sciences,AOSIS,1015-8812,2222-3436,3801,1988,C
South African Journal of Economics,Wiley-Blackwell Publishing,0038-2280,1813-6982,3801,1925,B
South African Statistical Journal,South African Statiscal Association,0038-271X,,3502,1967,B
South Asia Economic Journal,Sage Publications,1391-5614,0973-077X,3801,2000,C
South Asian Journal of Business and Management Cases,Sage Publications,2277-9779,2321-0303,3507,2012,C
South Asian Journal of Business Studies,Emerald Group Publishing,2398-628X,2398-6298,3507,2012,B
South Asian Journal of Human Resources Management,Sage Publications,2322-0937,2349-5790,3505,2014,C
South Asian Journal of Macroeconomics and Public Finance,Sage Publications,2277-9787,2321-0273,3801,2012,C
South Asian Journal of Management,Association of Management Development Institutions in South Asia (AMDISA),0971-5428,,3507,1994,C
South Carolina Journal of International Law and Business,University of South Carolina,1936-4334,,4801,2006,C
Southern Business and Economic Journal,Auburn Montgomery College of Business,0735-2476,,3801,1977,C
Southern Economic Journal,Wiley-Blackwell Publishing,0038-4038,2325-8012,3801,1933,A
Spanish Accounting Review / Revista de Contabilidad,ASEPUC (Associacion Espanola de Profesores Universitarios de Contabilidad),1138-4891,,3501,1997,B
Spanish Economic Review,Springer International Publishing,1435-5469,1435-5477,3801,1971,B
Spanish Journal of Finance and Accounting,Taylor & Francis Online,0210-2412,2332-0753,3501,2001,B
Spanish Journal of Marketing – ESIC,Emerald Group Publishing,2444-9709,2444-9709,3506,1916,B
Spanish Review of Financial Economics,AEFIN,2173-1268,,3502,,C
Spatial Economic Analysis,Taylor & Francis Online,1742-1772,1742-1780,3801,2006,B
Sport in Society,Taylor & Francis Online,1743-0437,1743-0445,3504,1998,B
Sport Management Education Journal,"Human Kinetics Publishers, Inc.",1938-6974,2163-2367,3504,,C
Sport Management Review,Elsevier,1441-3523,1839-2083,3504,1998,A
Sport Marketing Quarterly,Sage Publications,1061-6934,1557-2528,3506,1992,B
Sport Psychologist,"Human Kinetics Publishers, Inc.",0888-4781,1543-2793,3504,1987,B
"Sport, Business and Management",Emerald Group Publishing Limited,2042-678X,2042-6798,3504,2011,B
"Sport, Education and Society",Taylor & Francis Online,1357-3322,1470-1243,3504,1996,B
Sporting Traditions,Australian Society for Sports History Publications,0813-2577,,3504,1984,C
Sri Lanka Economic Journal,"Sri Lanka Economic Association (SLEA), Colombo",1391-5894,,3801,1986,C
Sri Lankan Journal of Agricultural Economics,Sri Lanka Agricultural Economics Association,1391-7358,,3801,1993,C
Stanford Journal of International Law,Stanford University Press,0731-5082,,4801,1966,A
"Stanford Journal of Law, Business and Finance",Stanford University Press,1078-8794,,4801,1994,A
Stanford Social Innovation Review,Stanford Center on Philanthropy and Civil Society,1542-7009,,3507,2003,B
Statistica Neerlandica,Wiley-Blackwell Publishing,0039-0402,1467-9574,4905,1946,A
Statistica Sinica,Statistica Sinica,1017-0405,,4905,1991,A
Statistical Inference for Stochastic Processes,Springer International Publishing,1387-0874,1572-9311,4905,1998,C
Statistical Journal of the IAOS,Sage Publications,1874-7655,1875-9254,4905,1984,C
Statistical Methodology,Elsevier,1572-3127,,4905,2004,C
Statistical Methods and Applications,Springer International Publishing,1618-2510,1613-981X,4905,1992,C
Statistical Methods In Medical Research,Sage Publications,0962-2802,1477-0334,4905,1992,B
Statistical Modelling,Sage Publications,1471-082X,1477-0342,4905,2001,B
Statistical Papers,Springer International Publishing,0932-5026,1613-9798,4905,1960,B
Statistical Science,Institute of Mathematical Statistics,0883-4237,,4905,1986,A
Statistics,Taylor & Francis Online,0233-1888,1029-4910,4905,1985,B
Statistics & Probability Letters,Elsevier,0167-7152,1879-2103,4905,1982,B
Statistics & Risk Modeling,De Gruyter,2196-7040,,4905,1982,C
Statistics and Computing,Springer International Publishing,0960-3174,1573-1375,4905,1991,A
Statistics Education Research Journal,International Association for Statistical Education,1570-1824,,4905,2002,B
Statistics in Medicine,Wiley-Blackwell Publishing,0277-6715,1097-0258,4905,1982,A
Statute Law Review,Oxford University Press,0144-3593,1464-3863,4801,1980,A
Stochastic Analysis and Applications,Taylor & Francis Online,0736-2994,1532-9356,4905,1983,B
Stochastic Environmental Research and Risk Assessment,Springer International Publishing,1436-3240,1436-3259,4905,1987,B
Stochastic Models,Taylor & Francis Online,1532-6349,1532-4214,4905,2001,B
Stochastic Processes and their Applications,Elsevier,0304-4149,1879-209X,4905,1973,A
Stochastics: an international journal of probability and stochastic processes,Taylor & Francis Online,1744-2508,1744-2516,4905,1973,B
Strategic Change: Briefings in Entrepreurial Finance,Wiley-Blackwell Publishing,1099-1697,,3507,1992,B
Strategic Entrepreneurship Journal,Wiley-Blackwell Publishing,1932-4391,1932-443X,3507,2007,A
Strategic Management Journal,Wiley-Blackwell Publishing,0143-2095,1097-0266,3507,1980,A*
Strategic Organization,Sage Publications,1476-1270,1741-315X,3507,2003,A
Strategy & Leadership,Emerald Group Publishing,1087-8572,1758-9568,3507,1996,C
Strategy Science,INFORMS,2333-2050,2333-2077,3507,2003,A
Stress and Health,Wiley-Blackwell Publishing,1532-3005,1532-2998,3507,1985,A
Structural Change and Economic Dynamics,Elsevier,0954-349X,1873-6017,3801,1990,B
Structural Equation Modelling: A Multidisciplinary Journal,Taylor & Francis Online,1070-5511,1532-8007,3507,1994,A
Studi Economici e Sociali: rivista di vita economica,Centro Studi G. Toniolo,0391-8750,,3801,1966,C
Studies in Agricultural Economics,Research Institute of Agricultural Economics and the Hungarian Academy of Sciences,1418-2106,2063-0476,3899,1962,C
Studies in Business and Economics,Sciendo,1842-4120,2344-5416,3801,2006,C
Studies in Comparative International Development,Springer International Publishing,0039-3606,1936-6167,3599,1965,A
Studies in Economics and Finance,Emerald Group Publishing,1086-7376,1755-6791,3801,1977,B
Studies in Higher Education,Taylor & Francis Online,0307-5079,1470-174X,3505,1976,A
Studies in Microeconomics,Sage Publications,2321-0222,2321-8398,3803,2013,C
Studies in Nonlinear Dynamics & Econometrics,De Gruyter,1081-1826,1558-3708,3802,1996,A
Studies in Political Economy: a socialist review,Taylor & Francis Online,0707-8552,,3801,1979,C
Suffolk University Law Review,Suffolk University Law School,0039-4696,,4801,1967,B
Supply Chain Forum: An International Journal,Taylor & Francis,1625-8312,1624-6039,3509,2000,C
Supply Chain Management Review,Peerless Media,1521-9747,,3509,2000,B
Supply Chain Management: an international journal,Emerald Group Publishing,1359-8546,1758-6852,3509,1996,A
Survival,Taylor & Francis Online,0039-6338,1468-2699,3599,1959,B
"Sustainability Accounting, Management and Policy Journal",Emerald Publishing,2040-8021,,3501,2010,A
Sustainable Development,Wiley-Blackwell Publishing,,1099-1719,3899,1993,C
Sustainable Futures,Elsevier Ltd,,2666-1888,3507,2019,C
Swedish Economic Policy Review,The Economic Council of Sweden,1400-1829,,3801,1989,C
Syracuse Journal of International Law and Commerce,Syracuse University,0093-0709,,4801,1972,C
System Dynamics Review,Wiley-Blackwell Publishing,,1099-1727,3503,1975,A
Systemic Practice and Action Research,Springer International Publishing,1094-429X,1573-9295,3503,1988,B
Systems Research and Behavioral Science,Wiley-Blackwell Publishing,1092-7026,1099-1743,3503,1984,A
Tarsadalom es Gazdasag,Akademiai Kiado,1588-9734,1589-021X,3801,1994,C
Tax Law Review,New York University School of Law,0040-0041,,4801,1945,A
Tax Notes,"Tax Analysts and Advocates, Washington, D.C.",2688-6642,,4801,1972,C
Tax Policy Journal,"Tax & Super Australia, Taxpayers Research Foundation",1833-1726,,4801,2005,C
Tax Specialist,Tax Institute,1329-1203,,4801,1997,B
Taxation in Australia,Tax Institute,0494-8343,,4801,1963,C
Teaching Business and Economics,Economics and Business Education Association,1367-3289,,3801,1949,C
Team Performance Management,Emerald Group Publishing,1352-7592,1758-6860,3507,1995,C
Technological Forecasting and Social Change,Elsevier,0040-1625,1873-5509,3503,1969,A
Technological Sustainability,Emerald Publishing,2754-1312,2754-1320,3507,2022,C
Technology Analysis and Strategic Management,Taylor & Francis Online,0953-7325,1465-3990,3507,1989,B
Technology in Society,Elsevier,0160-791X,1879-3274,4609,1979,C
Technometrics,American Statistical Association,0040-1706,1537-2723,3503,1959,A
Technovation,Elsevier,0166-4972,1879-2383,3507,1981,A
Telematics and Informatics,Elsevier,0736-5853,1879-324X,4609,1984,C
Teoros: revue de recherche en tourisme,"ESG UQAM, Belgrade",0712-8657,,3508,1982,C
Texas International Law Journal,University of Texas School of Law,0163-7479,,4801,1965,A
The Accounting Review,American Accounting Association,0001-4826,1558-7967,3501,1926,A*
The Adam Smith Review,The International Adam Smith Society,1743-5285,,3899,2004,B
The American Economic Review,American Economic Association,0002-8282,0065-812X,3801,1911,A*
The American Sociologist,Springer International Publishing,0003-1232,1936-4784,3599,1969,B
The American Statistician (AMSTAT),Taylor & Francis Online,0003-1305,1537-2731,4905,,B
"The Annals of Regional Science: international journal of urban, regional and environmental research and policy",Springer International Publishing,0570-1864,1432-0592,3801,1967,B
The Australian Economic Review,Wiley-Blackwell Publishing,0004-9018,1467-8462,3801,1968,B
The Australian Journal of Agricultural and Resource Economics,Wiley-Blackwell Publishing,1364-985X,1467-8489,3801,1997,A
The Baltic Journal of Road and Bridge Engineering,Vilnius Gediminas Technical University,1822-427X,1822-4288,3509,2006,C
The BE Journal of Economic Analysis and Policy,De Gruyter,1935-1682,1555-0494,3803,2001,A
The BE Journal of Macroeconomics,De Gruyter,1935-1690,,3803,2007,A
The BE Journal of Theoretical Economics,De Gruyter,1935-1704,,3803,2001,A
The Bottom Line,Emerald,0888-045X,2054-1724,3503,,C
"The Brooklyn Journal of Corporate, Financial and Commercial Law",Brooklyn Law School,1934-2497,,4801,2006,C
The Business Lawyer,American Bar Association,0007-6899,,4801,1946,A
The CASE Journal,Emerald Publishing,,1544-9106,3507,2004,C
The China Quarterly,Cambridge University Press,0305-7410,1468-2648,3599,1960,A
The China Review: an interdisciplinary journal on greater China,Chinese University of Hong Kong Press,1680-2012,1015-6607,3599,1990,C
The Chinese Economy: translation and studies,Taylor & Francis Online,1097-1475,1558-0954,3801,1967,B
The Corporate Governance Law Review,Corporate Research Group,1449-9029,,4801,2005,C
The Economic and Labour Relations Review,Sage Publications,1035-3046,,3801,1990,B
The Economic History Review: a journal of economic and social history,Wiley-Blackwell Publishing,0013-0117,1468-0289,3801,1927,A*
The Economic Journal,Wiley-Blackwell Publishing,0013-0133,1468-0297,3801,1891,A*
The Economic Record,Wiley-Blackwell Publishing,0013-0249,1475-4932,3801,1925,A
The Electronic Journal of Statistics,The Institute of Mathematical Statistics and the Bernoulli Society,1935-7524,,4905,,A
The European Accounting Review,Taylor & Francis Online,0963-8180,1468-4497,3501,1992,A*
The European Journal of Finance,Taylor & Francis Online,1351-847X,1466-4364,3502,1995,A
The Florida Tax Review,University of Florida Press,1066-3487,,4801,1992,A
The Geneva Papers on Risk and Insurance - Issues and Practice,Springer International Publishing,1018-5895,1468-0440,3502,1973,B
The Geneva Risk and Insurance Review,Springer International Publishing,1554-964X,1554-9658,3502,1976,B
The Independent Review: a journal of political economy,Independent Institute,1086-1653,,3801,1996,C
The Indonesian Journal of Accounting Research,Indonesian Institute of Accountants -Compartment of Accounting Educators,2086-6887,2655-1748,3501,1997,C
The Information Society,Taylor & Francis Online,0197-2243,1087-6537,4609,,A
The International Journal of Accounting,World Scientific Publishing,1094-4060,2213-3933,3501,1965,A
The International Journal of Comparative Labour Law and Industrial Relations,Kluwer Law International,0952-617X,1875-838X,4801,1983,B
The International Journal of Digital Accounting Research,Rutgers University,1577-8517,,3501,2001,B
"The International Journal of Environmental, Cultural, Economic and Social Sustainability: Annual Review",Common Ground Publishing Pty Ltd,1832-2077,1832-2077,3507,2004,C
The International Journal of Logistics Management,Emerald Group Publishing,0957-4093,1758-6550,3509,1990,A
The International Journal of Management Education,Elsevier,1472-8117,1472-8117,3507,2000,B
The IUP Journal of Agricultural Economics,IUP Publications,0973-2276,,3899,2004,C
The IUP Journal of Applied Economics (previously ICFAI),IUP Publications,0972-6861,,3801,2002,C
The IUP Journal of Applied Finance,IUP Publications,0972-5105,,3502,1995,C
The IUP Journal of Managerial Economics,IUP Publications,0972-9305,,3899,2003,C
The IUP Journal of Monetary Economics (previously ICFAI),IUP Publications,0972-9291,,3801,2003,C
The IUP Journal of Public Finance,IUP Publications,0972-9356,,3801,2003,C
The Japanese Political Economy,Taylor & Francis Online,2329-194X,2329-1958,3801,1972,B
The Journal of Alternative Investments,S&P Global,1520-3255,1520-3255,3502,1998,B
The Journal of Applied Behavioral Science,Sage Publications,0021-8863,1552-6879,3507,1965,B
The Journal of Asset Management,Springer International Publishing,1470-8272,1479-179X,3502,2000,B
The Journal of Derivatives,S&P Global,1074-1240,,3502,1993,A
The Journal of Development Effectiveness,Taylor & Francis Online,1943-9342,1943-9407,3801,2009,C
The Journal of Econometric Study of Northeast Asia (JESNA),"Economic Research Institute for Northeast Asia Kitakyusyu: International Centre for the Study of East Asian Development, Niigata, Japan",1880-6988,,3802,1995,C
The Journal of Economic Asymmetries,Elsevier,1703-4949,,3801,2004,B
The Journal of Economic Education,Taylor & Francis Online,0022-0485,2152-4068,3801,1969,B
The Journal of Economic History,Cambridge University Press,0022-0507,1471-6372,3801,1941,A*
The Journal of Economic Inequality,Springer International Publishing,1569-1721,1573-8701,3801,2003,A
The Journal of Finance,American Finance Association,0022-1082,1540-6261,3502,1946,A*
The Journal of Finance and Data Science,"KeAi Communications Co., Ltd.",2405-9188,,3502,2015,B
The Journal of Fixed Income,S&P Global,1059-8596,,3502,1991,A
The Journal of Futures Markets,Wiley-Blackwell Publishing,0270-7314,1096-9934,3502,1981,A
The Journal of Gambling Business and Economics,University of Buckingham Press,1751-7990,1751-8008,3801,2007,B
Journal of Hospitality & Tourism Cases,Sage Publications,2164-9987,2164-9987,3508,,C
The Journal of Industrial Economics,Wiley-Blackwell Publishing,0022-1821,1467-6451,3801,1952,A*
The Journal of International Maritime Law,Lawtext Publishing,1478-8586,,4801,1994,C
The Journal of International Trade and Economic Development: an international and comparative review,Taylor & Francis Online,0963-8199,1469-9559,3801,1992,B
The Journal of Law and Economics,University of Chicago Law School,0022-2186,1537-5285,3801,1958,A*
The Journal of Pacific Studies,University of South Pacific,1011-3029,,3899,1978,C
The Journal of Portfolio Management,S&P Global,0095-4918,,3502,1975,A
The Journal of Prediction Markets,University of Buckingham Press,1750-676X,,3801,2007,B
The Journal of Private Equity,Institutional Investor Journals Group,1096-5572,,3502,1997,C
The Journal of Risk Finance,Emerald Group Publishing,1526-5943,,3502,2000,B
The Journal of Risk Model Validation,Risk Waters Group.,1753-9579,1753-9587,3502,,C
The Journal of Structured Finance,S&P Global,1551-9783,1551-9783,3502,1995,C
The Journal of Trading,Institutional Investor Journals Group,1559-3967,,3502,2006,C
The Journal of Wealth Management,S&P Global,1534-7524,,3502,1998,B
The Journal of World Intellectual Property,Wiley-Blackwell Publishing,1422-2213,1747-1796,4801,1990,C
The Leadership Quarterly,Elsevier,1048-9843,1873-3409,3507,1990,A*
The Learning Organization,Emerald Publishing,0969-6474,1758-7905,3507,1994,C
The Milbank Quarterly,Wiley-Blackwell Publishing,0887-378X,1468-0009,3599,1923,B
The Modern Law Review,Wiley-Blackwell Publishing,0026-7961,1468-2230,4801,1937,A*
The North American Journal of Economics and Finance,Elsevier,1062-9408,1879-0860,3801,1988,B
The Pacific Review,Taylor & Francis Online,0951-2748,1470-1332,3599,,A
The Quarterly Journal of Austrian Economics,Springer International Publishing,1098-3708,1936-4806,3801,1987,C
The Quarterly Journal of Economics,MIT Press,0033-5533,1531-4650,3801,1886,A*
The Review of Austrian Economics,Springer International Publishing,0889-3047,1573-7128,3801,1986,C
The Review of Black Political Economy,Springer International Publishing,0034-6446,1936-4814,3801,1970,C
The Review of Economic Studies,Oxford University Press,0034-6527,1467-937X,3801,1933,A*
The Review of Economics and Statistics,The MIT Press,0034-6535,1530-9142,3801,1917,A*
The Review of Financial Studies,Oxford University Press,0893-9454,1465-7368,3502,1988,A*
The Review of Network Economics,De Gruyter,1446-9022,,3801,2002,B
The Social Science Journal,Elsevier,0362-3319,1873-5355,3599,1963,C
The Sociological Review,Sage Publications,0038-0261,1467-954X,3507,1908,A
The Sydney Law Review,Sydney Law School,0082-0512,,4801,1953,A*
The Tax Lawyer,American Bar Association,0040-005X,,4801,1947,B
The TQM Journal,Emerald Group Publishing,1754-2731,1754-274X,3507,1998,B
The UNE Law Journal,University of New England,1449-2199,,4801,2004,C
The World Bank Economic Review,Oxford University Press,0258-6770,1564-698X,3801,1986,A
The World Economy,Wiley-Blackwell Publishing,0378-5920,1467-9701,3801,1968,A
The Yale Law Journal,"The Yale Law Journal Company, Inc.",0044-0094,1939-8611,4801,1891,A*
Theoretical and Applied Economics,General Association of Economists from Romania,1841-8678,1844-0029,3803,1994,C
Theoretical Economics,The Econometric Society,1933-6837,1555-7561,3803,2006,A*
Theory and Decision: an international journal for multidisciplinary advances in decision sciences,Springer International Publishing,0040-5833,1573-7187,3803,1970,A
Theory of Probability and its Applications,SIAM Publications Online,0040-585X,1095-7219,4905,1956,A
Third Sector Review,Australia and New Zealand Third Sector Research Inc. (ANZTSR),1323-9163,1839-5937,3507,1995,C
Third World Quarterly,Taylor & Francis Online,0413-6597,1360-2241,3599,1979,A
Thunderbird International Business Review,Wiley-Blackwell Publishing,1096-4762,1520-6874,3507,1959,B
Tijdschrift voor Economische en Sociale Geografie,Wiley-Blackwell Publishing,,1467-9663,3801,1910,B
Time and Society,Sage Publications,0961-463X,1461-7463,3507,1992,B
Tobacco Control,BMJ Publishing Group,0964-4563,1468-3318,3506,1992,B
TOP - Transactions in Operations Research,Springer,1134-5764,1863-8279,3599,,B
Tort Law Review,Thomson Reuters,1039-3285,,4801,1993,A
Torts Law Journal,LexisNexis,1038-5967,,4801,1993,A
Total Quality Management and Business Excellence,Taylor & Francis Online,1478-3363,1478-3371,3507,1996,C
Tourism & Management Studies,University of Algarve,21828458,21828466,3508,,C
Tourism Analysis,Cognizant Communication Corporation,1083-5423,1943-3999,3508,1996,A
Tourism and Hospitality Management,"University of Rijeka, Faculty of Tourism and Hospitality Management",1330-7533,1847-3377,3508,,C
Tourism and Hospitality Research,Sage Publications,1467-3584,1742-9692,3508,1999,B
Tourism Economics,Sage Publications,1354-8166,2044-0375,3508,1995,A
Tourism Geographies,Taylor & Francis Online,1461-6688,1470-1340,3508,1999,A
Tourism in Marine Environments,Cognizant Communication Corporation,1544-273X,2169-0197,3508,2004,C
Tourism Management,Elsevier,0261-5177,1879-3193,3508,1983,A*
Tourism Management Perspectives,Elsevier,2211-9736,,3508,2012,A*
Tourism Planning & Development,Taylor & Francis Online,2156-8316,2156-8324,3508,2004,A
Tourism Recreation Research,Taylor & Francis Online,0250-8281,2320-0308,3508,1976,A
Tourism Review,Emerald Group Publishing,1660-5373,1759-8451,3508,2001,A
Tourism Review International,Cognizant Communication Corporation,1544-2721,1943-4421,3508,2000,C
"Tourism, Culture and Communication",Cognizant Communication Corporation,1098-304X,1943-4146,3508,1998,C
Tourism: An International Interdisciplinary Journal,Institute for Tourism,1332-7461,1849-1545,3508,1956,B
Tourist Studies,Sage Publications,1468-7976,1741-3206,3508,2001,B
Transfer: European review of labour and research,Sage Publications,1024-2589,1996-7284,3505,1995,C
Transformations in Business and Economics,Vilnius University,1648-4460,,3801,2002,C
"Transforming Government: People, Process and Policy",Emerald Group Publishing Limited,1750-6166,1750-6174,4609,2007,B
Transnational Corporations Review,Taylor & Francis Online,1918-6444,1925-2099,3801,2009,C
Transport Policy,Elsevier,0967-070X,1879-310X,3509,1993,A
Transport Reviews,Taylor & Francis Online,0144-1647,1464-5327,3509,1981,A
Transportation,Springer International Publishing,0049-4488,1572-9435,3509,1972,A
Transportation Journal,University of Pennsylvania Press,0041-1612,2157-328X,3509,1961,B
Transportation Letters,Taylor & Francis Online,1942-7867,1942-7875,3509,2009,B
Transportation Planning and Technology,Taylor & Francis Online,0308-1060,1029-0354,3509,1972,B
Transportation Research Part A: Policy and Practice,Elsevier,0965-8564,1879-2375,3509,1967,A*
Transportation Research Part B: Methodological,Elsevier,0191-2615,1879-2367,3509,1979,A*
Transportation Research Part C: Emerging Technologies,Elsevier,0968-090X,1879-2359,3509,1993,A*
Transportation Research Part D: Transport and Environment,Elsevier,1361-9209,1879-2340,3509,1996,A
Transportation Research Part E: Logistics and Transportation Review,Elsevier,1366-5545,1878-5794,3509,1964,A*
Transportation Research Part F: Traffic Psychology and Behaviour,Elsevier,1369-8478,1873-5517,3509,1998,A
Transportation Research Record,Sage Publications,0361-1981,2169-4052,3509,1974,B
Transportation Science,The Institute for Operations Research and the Management Sciences (INFORMS),0041-1655,1526-5447,3509,1967,A*
Transportmetrica A: Transport Science,Taylor & Francis Online,2324-9935,2324-9943,3509,2005,B
Transportmetrica B: Transport Dynamics,Taylor & Francis Online,2168-0566,2168-0582,3509,2013,B
Travel Behaviour and Society,Elsevier,2214-367X,,3509,2014,A
Tulane Maritime Law Journal,Tulane University Law School,1048-3748,,4801,1975,A
UBC Law Review,University of British Columbia,0068-1849,,4801,1949,B
UCLA Pacific Basin Law Journal,UCLA School of Law,0884-0768,,4801,1982,B
University of Chicago Law Review,University of Chicago Law School,0041-9494,1939-859X,4801,1933,A*
University of Miami Business Law Review,University of Miami,1047-2819,,4801,1990,C
University of New South Wales Law Journal,University of New South Wales,0313-0096,,4801,1975,A
University of Pennsylvania Journal of Business Law,University of Pennsylvania Law School,1940-8064,,4801,1998,C
University of Queensland Law Journal,University of Queensland Press,0083-4041,,4801,1948,B
University of San Francisco Maritime Law Journal,University of San Francisco,1061-3331,,4801,1989,B
University of Tasmania Law Review,University of Tasmania,0082-2108,,4801,1958,B
University of Toronto Law Journal,University of Toronto Press,0042-0220,1710-1174,4801,1935,A
University of Western Australia Law Review,The University of Western Australia,0042-0328,,4801,1948,B
University of Western Sydney Law Review,University of Western Sydney,1446-9294,,4801,1997,C
UNLV Gaming Research and Review Journal,University of Nevada,1535-7589,,3504,1994,B
Urban Affairs Review,Sage Publications,1078-0874,1552-8332,3599,1965,B
Urban Studies: an international journal for research in urban studies,Sage Publications,0042-0980,1360-063X,3599,1964,A*
US Bureau of Labor Statistics: Monthly Labor Review,US Bureau of Labor Statistics,0098-1818,1937-4658,3599,1915,B
Value in Health,Elsevier ScienceDirect / ISPOR,1098-3015,,3899,,A
Vanderbilt Journal of Transnational Law,Vanderbilt University,0090-2594,,4801,1967,B
Variance: advancing the science of risk,Casualty Actuarial Society,1940-6444,1940-6452,3502,2007,C
Venture Capital,Taylor & Francis Online,1369-1066,1464-5343,3502,1999,B
Victoria University of Wellington Law Review,"Victoria University of Wellington, Law Faculty",1171-042X,,4801,1953,B
Vietnam's Socio-Economic Development,The Vietnam Institute of Economics,0868-359X,,3801,1995,C
Villanova Journal of Law and Investment Management,Villanova University,1523-5513,1523-5513,4801,1999,C
Vindobona Journal of International Commercial Law and Arbitration,Moot Alumni Association,1439-9741,,4801,1998,C
VINE Journal of Information and Knowledge Management Systems,Emerald Group Publishing,2059-5891,,4609,1971,B
Virginia Tax Review,University of Virginia School of Law,0735-9004,,4801,1981,A
Vision: The Journal of Business Perspectives,Sage Publications,0972-2629,2249-5304,3507,1997,C
Visitor Studies,Taylor & Francis Online,1064-5578,1934-7715,3508,1988,A
Voluntas: International Journal of Voluntary and Non-Profit Organizations,Springer International Publishing,0957-8765,1573-7888,3507,1990,B
Waikato Law Review,Waikato University,1172-9597,,4801,1993,C
Washington International Law Journal,University of Washington School of Law,1066-8632,,4801,1992,B
"Washington Journal of Law, Technology & Arts",University of Washington School of Law,1547-0695,2157-2534,4801,2004,C
Water Resources Research,Wiley-Blackwell Publishing,0043-1397,1944-7973,3599,1965,A
West European Politics,Taylor & Francis Online,0140-2382,1743-9655,3599,1978,B
Western Australian Law Teachers' Review,Western Australian Teachers of Law,2653-7710,,4801,2023,C
Western Economics Forum,Western Agricultural Economics Association,1550-4980,,3801,2002,C
Western Journal of Communication,Taylor & Francis Online,1057-0314,1745-1027,3599,1992,C
"Work & Stress: An international Journal of Work, Health and Organisations",Taylor & Francis Online,0267-8373,1464-5335,3505,1987,A
Work and Occupations,Sage Publications,0730-8884,1552-8464,3505,1974,A
"Work, Aging and Retirement",Oxford University Press,2054-4642,2054-4650,3505,2015,B
"Work, Employment and Society",Sage Publications,0950-0170,1469-8722,3505,1987,A
World Bank Research Observer,Oxford University Press,0257-3032,1564-6971,3801,1986,B
World Competition Law and Economics Review,Kluwer Law International,1011-4548,1875-8436,4801,1977,C
World Development,Elsevier,0305-750X,1873-5991,3801,1973,A*
World Economics,World Economics Limited,1468-1838,1474-3884,3801,2000,B
World Journal of Management and Economics,Rosetta Publications,1819-8643,1998-1392,3801,2006,C
World Journal of VAT/GST,Hart Publishing,2048-8432,2048-8440,4801,2012,C
World Leisure Journal,Taylor & Francis Online,1607-8055,2333-4509,3504,2000,B
World Politics,Johns Hopkins University Press,0043-8871,1086-3338,3599,1948,A
"World Review of Science, Technology and Sustainable Development",Inderscience Enterprises Ltd.,1741-2242,1741-2234,3599,2004,C
World Tax Journal,International Bureau of Fiscal Documentation,1878-4917,,4801,2009,B
World Trade Review,Cambridge University Press,1474-7456,1475-3138,3801,2002,C
Worldwide Hospitality and Tourism Themes,Emerald Group Publishing,1755-4217,1755-4225,3508,2009,C
Written Communication,Sage Publications,0741-0883,1552-8472,3507,1984,B
Yale Journal on Regulation,Yale Law School,0741-9457,,4801,1983,B
Young Consumers,Emerald Group Publishing,1747-3616,1758-7212,3506,2002,B
Zagreb International Review of Economics and Business,Sciendo,1331-5609,1849-1162,3801,1998,C
